[{"_key": "2d89441e-fbcd-11e9-afb4-0aa1c8a71524", "obj_id": "admin", "obj_acl": {"delete": ["*"], "obj_owner": "nobody", "read": ["*"], "write": ["*"]}, "acl_owner": "nobody", "_user": "nobody", "acl_id": "2d89441e-fbcd-11e9-afb4-0aa1c8a71524", "obj_storename": "itsi_service_analyzer", "obj_app": "itsi", "obj_shared_by_inclusion": true, "obj_type": "home_view"}, {"_user": "nobody", "_key": "4956d32e-fbd6-11e9-913e-0aa1c8a71524", "obj_id": "Nagios Service Checks", "obj_acl": {"read": ["*"], "delete": ["*"], "write": ["*"], "obj_owner": "nobody"}, "acl_owner": "nobody", "acl_id": "4956d32e-fbd6-11e9-913e-0aa1c8a71524", "obj_storename": "itsi_correlation_search", "obj_app": "itsi", "obj_shared_by_inclusion": true, "obj_type": "correlation_search"}, {"_key": "95035175-fbe5-11e9-8dbb-0aa1c8a71524", "obj_id": "NagiosServiceChecks", "obj_storename": "itsi_correlation_search", "acl_owner": "nobody", "_user": "nobody", "acl_id": "95035175-fbe5-11e9-8dbb-0aa1c8a71524", "obj_acl": {"read": ["*"], "delete": ["*"], "write": ["*"], "obj_owner": "nobody"}, "obj_app": "itsi", "obj_shared_by_inclusion": true, "obj_type": "correlation_search"}, {"_user": "nobody", "_key": "ba320680-fbfa-11e9-ab35-0aa1c8a71524", "obj_id": "b9e977ba-fbfa-11e9-816c-0aa1c8a71524", "obj_acl": {"delete": ["*"], "read": ["*"], "write": ["*"], "obj_owner": "nobody"}, "acl_owner": "nobody", "acl_id": "ba320680-fbfa-11e9-ab35-0aa1c8a71524", "obj_storename": "itsi_notable_event_aggregation_policy", "obj_app": "itsi", "obj_shared_by_inclusion": true, "obj_type": "notable_event_aggregation_policy"}, {"_user": "nobody", "_key": "e2d0fc0a-f663-11e9-9c51-0aa1c8a71524", "obj_id": "Monitor Critical Services Based on Health Score", "obj_acl": {"delete": [], "obj_owner": "nobody", "write": ["*"], "read": ["*"]}, "acl_owner": "nobody", "acl_id": "e2d0fc0a-f663-11e9-9c51-0aa1c8a71524", "obj_storename": "itsi_correlation_search", "obj_app": "itsi", "obj_shared_by_inclusion": true, "obj_type": "correlation_search"}, {"_key": "e3345dae-f663-11e9-ac2e-0aa1c8a71524", "obj_id": "Splunk App for Infrastructure Alerts", "obj_storename": "itsi_correlation_search", "obj_acl": {"delete": [], "obj_owner": "nobody", "read": ["*"], "write": ["*"]}, "_user": "nobody", "acl_id": "e3345dae-f663-11e9-ac2e-0aa1c8a71524", "acl_owner": "nobody", "obj_app": "itsi", "obj_shared_by_inclusion": true, "obj_type": "correlation_search"}, {"_key": "e3942887-f663-11e9-b13e-0aa1c8a71524", "obj_id": "Normalized Correlation Search", "obj_storename": "itsi_correlation_search", "obj_acl": {"delete": [], "obj_owner": "nobody", "read": ["*"], "write": ["*"]}, "_user": "nobody", "acl_id": "e3942887-f663-11e9-b13e-0aa1c8a71524", "acl_owner": "nobody", "obj_app": "itsi", "obj_shared_by_inclusion": true, "obj_type": "correlation_search"}, {"_key": "e3fbd435-f663-11e9-b141-0aa1c8a71524", "obj_id": "SNMP Traps", "obj_storename": "itsi_correlation_search", "obj_acl": {"delete": [], "obj_owner": "nobody", "read": ["*"], "write": ["*"]}, "_user": "nobody", "acl_id": "e3fbd435-f663-11e9-b141-0aa1c8a71524", "acl_owner": "nobody", "obj_app": "itsi", "obj_shared_by_inclusion": true, "obj_type": "correlation_search"}, {"_user": "nobody", "_key": "e44eb82e-f663-11e9-a46e-0aa1c8a71524", "obj_id": "itsi_default_policy", "obj_acl": {"read": ["*"], "delete": [], "write": ["*"], "obj_owner": "nobody"}, "acl_owner": "nobody", "acl_id": "e44eb82e-f663-11e9-a46e-0aa1c8a71524", "obj_storename": "itsi_notable_event_aggregation_policy", "obj_app": "itsi", "obj_shared_by_inclusion": true, "obj_type": "notable_event_aggregation_policy"}, {"_key": "e461a163-f663-11e9-aa93-0aa1c8a71524", "obj_id": "Bidirectional Ticketing", "obj_storename": "itsi_correlation_search", "obj_acl": {"delete": [], "obj_owner": "nobody", "read": ["*"], "write": ["*"]}, "_user": "nobody", "acl_id": "e461a163-f663-11e9-aa93-0aa1c8a71524", "acl_owner": "nobody", "obj_app": "itsi", "obj_shared_by_inclusion": true, "obj_type": "correlation_search"}, {"_user": "nobody", "_key": "e46e572e-f663-11e9-8d1e-0aa1c8a71524", "obj_id": "normalized_aggregation_policy", "obj_acl": {"read": ["*"], "delete": [], "write": ["*"], "obj_owner": "nobody"}, "acl_owner": "nobody", "acl_id": "e46e572e-f663-11e9-8d1e-0aa1c8a71524", "obj_storename": "itsi_notable_event_aggregation_policy", "obj_app": "itsi", "obj_shared_by_inclusion": true, "obj_type": "notable_event_aggregation_policy"}, {"_user": "nobody", "_key": "e48666f0-f663-11e9-ac95-0aa1c8a71524", "obj_id": "itsi_default_snmp_policy", "obj_acl": {"read": ["*"], "delete": [], "write": ["*"], "obj_owner": "nobody"}, "acl_owner": "nobody", "acl_id": "e48666f0-f663-11e9-ac95-0aa1c8a71524", "obj_storename": "itsi_notable_event_aggregation_policy", "obj_app": "itsi", "obj_shared_by_inclusion": true, "obj_type": "notable_event_aggregation_policy"}, {"_user": "nobody", "_key": "e4b1bbcc-f663-11e9-a09f-0aa1c8a71524", "obj_id": "kpi_alerting_policy", "obj_acl": {"read": ["*"], "delete": [], "write": ["*"], "obj_owner": "nobody"}, "acl_owner": "nobody", "acl_id": "e4b1bbcc-f663-11e9-a09f-0aa1c8a71524", "obj_storename": "itsi_notable_event_aggregation_policy", "obj_app": "itsi", "obj_shared_by_inclusion": true, "obj_type": "notable_event_aggregation_policy"}, {"_key": "f2ff7714-fbed-11e9-bc1b-0aa1c8a71524", "obj_id": "Nagios Services Check", "obj_acl": {"delete": ["*"], "read": ["*"], "write": ["*"], "obj_owner": "nobody"}, "acl_owner": "nobody", "_user": "nobody", "acl_id": "f2ff7714-fbed-11e9-bc1b-0aa1c8a71524", "obj_storename": "itsi_correlation_search", "obj_app": "itsi", "obj_shared_by_inclusion": true, "obj_type": "correlation_search"}]