[{"base_service_template": {"delete": "delete_itsi_base_service_template", "write": "write_itsi_base_service_template", "read": "read_itsi_base_service_template"}, "notable_event": {"delete": "delete-notable_event", "write": "write-notable_event", "read": "read-notable_event"}, "maintenance_calendar": {"delete": "delete-maintenance_calendar", "write": "write-maintenance_calendar", "read": "read-maintenance_calendar"}, "entity_relationship_rule": {"delete": "delete_itsi_service", "write": "write_itsi_service", "read": "read_itsi_service"}, "deep_dive": {"delete": "delete_itsi_deep_dive", "read": "read_itsi_deep_dive", "write": "write_itsi_deep_dive", "interact": "interact_with_itsi_deep_dive"}, "kpi_threshold_template": {"delete": "delete_itsi_kpi_threshold_template", "write": "write_itsi_kpi_threshold_template", "read": "read_itsi_kpi_threshold_template"}, "backup_restore": {"delete": "delete_itsi_backup_restore", "write": "write_itsi_backup_restore", "read": "read_itsi_backup_restore"}, "glass_table": {"delete": "delete_itsi_glass_table", "read": "read_itsi_glass_table", "write": "write_itsi_glass_table", "interact": "interact_with_itsi_glass_table"}, "_user": "nobody", "saved_page": null, "_key": "itsi", "rbac": {"delete": "configure_perms", "write": "configure_perms", "read": "configure_perms"}, "event_management_state": {"delete": "delete_itsi_event_management_state", "read": "read_itsi_event_management_state", "write": "write_itsi_event_management_state", "interact": "interact_with_itsi_event_management_state"}, "notable_event_comment": {"delete": "delete-notable_event", "write": "write-notable_event", "read": "read-notable_event"}, "notable_event_action": {"write": "execute-notable_event_action", "read": "read-notable_event_action"}, "temporary_kpi": {"delete": "delete_itsi_temporary_kpi", "write": "write_itsi_temporary_kpi", "read": "read_itsi_temporary_kpi"}, "notable_event_aggregation_policy": {"delete": "delete_itsi_notable_aggregation_policy", "edit_default": "edit_default_itsi_notable_aggregation_policy", "interact": "interact_with_itsi_notable_aggregation_policy", "write": "write_itsi_notable_aggregation_policy", "read": "read_itsi_notable_aggregation_policy"}, "files": {"delete": "delete_itsi_backup_restore", "write": "write_itsi_backup_restore", "read": "read_itsi_backup_restore"}, "home_view": {"delete": "delete_itsi_homeview", "read": "read_itsi_homeview", "write": "write_itsi_homeview", "interact": "interact_with_itsi_homeview"}, "correlation_search": {"delete": "delete_itsi_correlation_search", "interact": "interact_with_itsi_correlation_search", "write": "write_itsi_correlation_search", "read": "read_itsi_correlation_search"}, "service": {"delete": "delete_itsi_service", "write": "write_itsi_service", "read": "read_itsi_service"}, "kpi": {"delete": "delete_itsi_service", "write": "write_itsi_service", "read": "read_itsi_service"}, "entity": {"delete": "delete_itsi_service", "write": "write_itsi_service", "read": "read_itsi_service"}, "notable_event_group": {"delete": "execute-notable_event_action", "write": "execute-notable_event_action", "read": "read-notable_event_action"}, "entity_relationship": {"delete": "delete_itsi_service", "write": "write_itsi_service", "read": "read_itsi_service"}, "team": {"delete": "delete_itsi_team", "write": "write_itsi_team", "read": "read_itsi_team"}, "kpi_base_search": {"delete": "delete_itsi_kpi_base_search", "write": "write_itsi_kpi_base_search", "read": "read_itsi_kpi_base_search"}, "mod_time": 1573486958.056278, "notable_event_tag": {"delete": "delete-notable_event", "write": "write-notable_event", "read": "read-notable_event"}, "kpi_template": {"delete": "delete_itsi_service", "write": "write_itsi_service", "read": "read_itsi_service"}, "deep_dive_context": {"delete": "delete_itsi_deep_dive_context", "read": "read_itsi_deep_dive_context", "write": "write_itsi_deep_dive_context", "interact": "interact_with_itsi_deep_dive_context"}, "notable_event_ticketing": {"delete": "delete-notable_event", "write": "write-notable_event", "read": "read-notable_event"}}]