[{"description": "Default team for ITSI", "_version": "4.3.1", "permissions": {"user": "nobody", "group": {"delete": true, "read": true, "write": true}, "delete": true, "read": true, "write": true}, "identifying_name": "global", "acl": {"delete": ["itoa_admin"], "owner": "nobody", "write": ["itoa_admin"], "read": ["itoa_admin", "itoa_analyst", "itoa_user", "*"]}, "mod_timestamp": "2019-10-24T13:40:54.208162+00:00", "_key": "default_itsi_security_group", "title": "Global", "mod_source": "REST", "_user": "nobody", "children": [], "parents": [], "_immutable": "0", "object_type": "team"}]