[{"group_assignee": "%owner%", "description": "", "ace_group_assignee": "%owner%", "group_status": "%status%", "title": "Aggregation based on 1h episodes and 30 minutes between events", "ace_field_analysis_start_time": 0, "acl": {"can_write": true, "can_share_user": true, "owner": "admin", "modifiable": true, "can_share_app": true, "can_change_perms": true, "can_share_global": true, "sharing": "app", "perms": {"read": ["*"], "write": ["*"]}}, "ace_field_analysis_end_time": 0, "rules": [], "_key": "b9e977ba-fbfa-11e9-816c-0aa1c8a71524", "ace_factor_weights": [{"factor_name": "text", "factor_weight": 0.5}, {"factor_name": "attribute", "factor_weight": 0.5}], "sub_group_limit": "", "ace_group_description": "%description%", "entity_factor_enabled": 1, "group_description": "%description%", "service_topology_enabled": 1, "_user": "nobody", "ace_enabled": 0, "ace_split_by_field": "", "_owner": "nobody", "group_title": "%title%", "ace_breaking_criteria": {"condition": "OR", "items": [{"type": "pause", "config": {"limit": "7200"}}]}, "identifying_name": "aggregation based on 1h episodes and 30 minutes between events", "ace_group_title": "%title%", "is_default": 0, "group_severity": "%severity%", "priority": "", "ace_factor_fields": [], "disabled": 0, "source_itsi_da": "itsi", "filter_criteria": {"condition": "OR", "items": [{"type": "clause", "config": {"condition": "AND", "items": [{"type": "notable_event_field", "config": {"value": "*", "field": "tmp_entity", "operator": "="}}]}}]}, "create_time": 1572538990.250687, "ace_group_severity": "%severity%", "breaking_criteria": {"condition": "OR", "items": [{"type": "pause", "config": {"limit": "1260"}}, {"type": "duration", "config": {"limit": "3600"}}]}, "split_by_field": "severity,service_name", "ace_group_status": "%status%", "object_type": "notable_aggregation_policy", "mod_time": 1572538990.250687}, {"group_title": "%title%", "description": "Applies to events that do not meet the criteria of any other active policy.", "split_by_field": "source", "group_status": "%status%", "is_default": 1, "object_type": "notable_aggregation_policy", "group_severity": "%severity%", "priority": 5, "rules": [], "mod_time": 1571924450.312848, "title": "Default Policy", "identifying_name": "default policy", "filter_criteria": {"condition": "OR", "items": []}, "group_assignee": "%owner%", "group_description": "%description%", "_key": "itsi_default_policy", "_user": "nobody", "disabled": 0, "create_time": 1571924450.312848, "breaking_criteria": {"condition": "OR", "items": [{"config": {"limit": "7200"}, "type": "pause"}]}}, {"group_title": "%title%", "description": "Aggregation policy for SNMP traps", "split_by_field": "node,description", "group_status": "%status%", "is_default": 0, "object_type": "notable_aggregation_policy", "group_severity": "%severity%", "priority": "", "rules": [], "mod_time": 1571924450.708701, "title": "Default SNMP Policy", "identifying_name": "default snmp policy", "filter_criteria": {"condition": "OR", "items": [{"config": {"condition": "AND", "items": [{"config": {"value": "*", "field": "node", "operator": "="}, "type": "notable_event_field"}, {"config": {"value": "*", "field": "description", "operator": "="}, "type": "notable_event_field"}]}, "type": "clause"}]}, "group_assignee": "%owner%", "group_description": "%description%", "_key": "itsi_default_snmp_policy", "_user": "nobody", "disabled": 1, "create_time": 1571924450.708701, "breaking_criteria": {"condition": "OR", "items": [{"config": {"condition": "AND", "items": [{"config": {"value": "2", "field": "severity", "operator": "="}, "type": "notable_event_field"}]}, "type": "clause"}]}}, {"group_title": "KPI Alerts from Service: %service_title%", "split_by_field": "service_ids", "group_status": "%last_status%", "rules": [], "_key": "kpi_alerting_policy", "source_itsi_da": "itsi", "group_description": "Grouped alerts from service %service_title%; most recent alert from KPI %kpi_title%", "sub_group_limit": "", "disabled": 0, "group_assignee": "%last_owner%", "_owner": "nobody", "description": "Aggregation policy for KPI state-change alerts", "identifying_name": "kpi alerting policy", "is_default": 0, "group_severity": "%last_severity%", "priority": "", "title": "KPI Alerting Policy", "filter_criteria": {"condition": "OR", "items": [{"config": {"condition": "AND", "items": [{"config": {"value": "*", "field": "kpiid", "operator": "="}, "type": "notable_event_field"}, {"config": {"value": "KPI alert", "field": "alert_type", "operator": "="}, "type": "notable_event_field"}]}, "type": "clause"}]}, "_user": "nobody", "breaking_criteria": {"condition": "OR", "items": [{"config": {"limit": "3600"}, "type": "pause"}]}, "create_time": 1571924450.934769, "object_type": "notable_aggregation_policy", "mod_time": 1571924450.934769}, {"group_title": "Normalized Alert for %itsiInstance% (%itsiSubInstance%) : %itsiAlert%", "description": "Applies to events that contain ITSI normalized fields.", "split_by_field": "itsiAlert,itsiInstance,itsiSubInstance", "group_status": "%status%", "is_default": 0, "object_type": "notable_aggregation_policy", "group_severity": "%last_severity%", "priority": "", "rules": [{"description": "", "activation_criteria": {"condition": "AND", "items": [{"type": "breaking_criteria"}, {"type": "notable_event_count", "config": {"limit": "2", "operator": ">="}}]}, "actions": [{"condition": "AND", "items": [{"config": {"value": "4", "field": "status"}, "execution_criteria": {"execute_on": "GROUP"}, "type": "notable_event_change"}]}], "priority": 5, "title": ""}, {"description": "", "activation_criteria": {"condition": "AND", "items": [{"type": "breaking_criteria"}, {"type": "notable_event_count", "config": {"limit": "1", "operator": "=="}}]}, "actions": [{"condition": "AND", "items": [{"config": {"value": "5", "field": "status"}, "execution_criteria": {"execute_on": "GROUP"}, "type": "notable_event_change"}]}], "priority": 5, "title": ""}], "mod_time": 1571924450.538114, "title": "Normalized Policy (Splunk App for Infrastructure)", "identifying_name": "normalized policy (splunk app for infrastructure)", "filter_criteria": {"condition": "OR", "items": [{"type": "clause", "config": {"condition": "AND", "items": [{"type": "notable_event_field", "config": {"value": "*", "field": "itsiAlert", "operator": "="}}, {"type": "notable_event_field", "config": {"value": "*", "field": "itsiInstance", "operator": "="}}, {"type": "notable_event_field", "config": {"value": "*", "field": "itsiSubInstance", "operator": "="}}, {"type": "notable_event_field", "config": {"value": "*", "field": "itsiSeverity", "operator": "="}}]}}]}, "group_assignee": "%owner%", "group_description": "%last_description%", "_key": "normalized_aggregation_policy", "_user": "nobody", "disabled": 0, "create_time": 1571924450.538114, "breaking_criteria": {"condition": "OR", "items": [{"type": "pause", "config": {"limit": "3600"}}, {"type": "clause", "config": {"condition": "AND", "items": [{"type": "notable_event_field", "config": {"value": "2", "field": "severity", "operator": "="}}]}}]}}]