[{"path": "/opt/splunk/var/itsi/backups/ItsiDefaultScheduledBackup/backup", "include_conf_files": 1, "keep_max_time": 604800, "search_head_id": "447605F9-5932-4429-905B-71D2C675990A", "status": "Scheduled Daily", "frequency": "daily", "_key": "ItsiDefaultScheduledBackup", "enabled": 1, "mod_source": "REST", "start_time": 1573486962.592137, "last_error": "None", "_user": "nobody", "_owner": "nobody", "_version": "4.3.1", "identifying_name": "default scheduled backup", "mod_timestamp": "2019-11-11T15:42:42.630866+00:00", "title": "Default Scheduled Backup", "backup_history": [{"search_head_id": "447605F9-5932-4429-905B-71D2C675990A", "file_name": "ItsiDefaultScheduledBackup-1572971386", "create_time": 1572971386.256388}], "scheduled": 1, "end_time": null, "scheduled_time": 1573002000.344321, "job_type": "Backup", "object_type": "backup_restore"}]