[{"_version": "4.3.1", "serviceFilterString": "", "kpiWhitelist": [], "latest_time": "now", "serviceTilesSettings": {"numTiles": 50, "isFilterEnabled": false}, "title": "", "_key": "admin", "_user": "nobody", "isDefault": true, "identifying_name": "", "searchType": "aggregate", "viewType": "tile", "_owner": "nobody", "description": "", "isServiceFilterEnabled": false, "tileSize": "large", "mod_source": "REST", "serviceWhitelist": "", "view": "standard", "mod_timestamp": "2019-10-31T10:57:06.280396+00:00", "kpiTilesSettings": {"numTiles": 50, "isFilterEnabled": false}, "source_itsi_da": "itsi", "mod_time": "", "earliest_time": "-12h", "kpiFilterString": "", "showDisabledServices": 0, "isKpiFilterEnabled": false, "acl": {"can_write": true, "can_share_user": true, "can_share_global": true, "owner": "admin", "modifiable": true, "can_share_app": true, "can_change_perms": true, "sharing": "app", "perms": {"read": ["*"], "write": ["*"]}}, "object_type": "home_view"}]