[{"description": "A service template that contains performance KPIs for AWS EBS Volumes from metrics collected by AWS CloudWatch.", "total_linked_services": 0, "permissions": {"user": "nobody", "group": {"delete": true, "read": true, "write": true}, "delete": true, "read": true, "write": true}, "mod_source": "REST", "_version": "4.3.1", "linked_services": [], "kpis": [{"threshold_field": "aws_ebs_burst_balance", "search_type": "shared_base", "kpi_threshold_template_id": "", "fill_gaps": "null_value", "is_service_entity_filter": true, "aggregate_thresholds_custom_alert_rules": [], "base_search": "*", "_key": "aws_ebs_burst_balance", "entity_thresholds": {"isMaxStatic": false, "gaugeMax": null, "isMinStatic": true, "gaugeMin": 0, "baseSeverityLabel": "info", "baseSeverityColorLight": "#E3F0F6", "renderBoundaryMax": 100.1, "baseSeverityValue": 1, "thresholdLevels": [], "baseSeverityColor": "#AED3E5", "renderBoundaryMin": 0, "metricField": "count"}, "aggregate_statop": "avg", "metric": {"metric_name": "", "metric_index": ""}, "is_entity_breakdown": true, "entity_id_fields": "VolumeId", "base_search_metric": "aws_ebs_burst_balance", "entity_statop": "avg", "source": "", "_owner": "nobody", "threshold_eval": "", "gap_severity_color": "#CCCCCC", "aggregate_thresholds_alert_enabled": false, "sec_grp": "default_itsi_security_group", "title": "AWS/EBS Burst Balance", "aggregate_thresholds_custom_alert_enabled": false, "alert_eval": "", "gap_severity_value": "-1", "alert_period": 15, "aggregate_eval": "", "base_search_id": "SAI-Cloud-Performance_AWS-EBS", "unit": "%", "time_variate_thresholds": false, "search_occurrences": 1, "adaptive_thresholds_is_enabled": false, "adaptive_thresholding_training_window": "-7d", "metric_qualifier": "", "entity_alias_filtering_fields": "VolumeId", "gap_severity_color_light": "#EEEEEE", "alert_on": "both", "description": "Provides information about the percentage of I/O credits (for gp2) or throughput credits (for st1 and sc1) remaining in the burst bucket. Data is reported to CloudWatch only when the volume is active. If the volume is not attached, no data is reported.", "urgency": "5", "gap_custom_alert_value": 0, "target": "", "search_buckets": "", "alert_lag": "30", "entity_breakdown_id_fields": "VolumeId", "time_variate_thresholds_specification": {"policies": {"default_policy": {"entity_thresholds": {"isMaxStatic": false, "gaugeMax": 100, "isMinStatic": true, "gaugeMin": 0, "baseSeverityLabel": "normal", "baseSeverityColorLight": "#DCEFD7", "renderBoundaryMax": 100, "baseSeverityValue": 2, "thresholdLevels": [], "baseSeverityColor": "#99D18B", "renderBoundaryMin": 0, "metricField": "count"}, "time_blocks": [], "policy_type": "static", "aggregate_thresholds": {"isMaxStatic": false, "gaugeMax": 100, "isMinStatic": true, "gaugeMin": 0, "baseSeverityLabel": "normal", "baseSeverityColorLight": "#DCEFD7", "renderBoundaryMax": 100, "baseSeverityValue": 2, "thresholdLevels": [], "baseSeverityColor": "#99D18B", "renderBoundaryMin": 0, "metricField": "count"}, "title": "Default"}}}, "tz_offset": null, "aggregate_thresholds": {"isMaxStatic": false, "gaugeMax": 100, "isMinStatic": true, "gaugeMin": 0, "baseSeverityLabel": "info", "baseSeverityColorLight": "#E3F0F6", "renderBoundaryMax": 100, "baseSeverityValue": 1, "thresholdLevels": [], "baseSeverityColor": "#AED3E5", "renderBoundaryMin": 0, "metricField": "count"}, "gap_severity": "unknown", "search_alert_earliest": "15"}, {"threshold_field": "aws_ebs_volume_queue_length", "search_type": "shared_base", "kpi_threshold_template_id": "", "fill_gaps": "null_value", "is_service_entity_filter": true, "aggregate_thresholds_custom_alert_rules": [], "base_search": "*", "_key": "aws_ebs_volume_queue_length", "entity_thresholds": {"isMaxStatic": false, "gaugeMax": null, "isMinStatic": true, "gaugeMin": 0, "baseSeverityLabel": "info", "baseSeverityColorLight": "#E3F0F6", "renderBoundaryMax": 100, "baseSeverityValue": 1, "thresholdLevels": [], "baseSeverityColor": "#AED3E5", "renderBoundaryMin": 0, "metricField": "count"}, "aggregate_statop": "avg", "metric": {"metric_name": "", "metric_index": ""}, "is_entity_breakdown": true, "entity_id_fields": "VolumeId", "base_search_metric": "aws_ebs_volume_queue_length", "entity_statop": "avg", "source": "", "_owner": "nobody", "threshold_eval": "", "gap_severity_color": "#CCCCCC", "aggregate_thresholds_alert_enabled": false, "sec_grp": "default_itsi_security_group", "title": "AWS/EBS Queue Length", "aggregate_thresholds_custom_alert_enabled": false, "alert_eval": "", "gap_severity_value": "-1", "alert_period": 15, "aggregate_eval": "", "base_search_id": "SAI-Cloud-Performance_AWS-EBS", "unit": "", "time_variate_thresholds": false, "search_occurrences": 1, "adaptive_thresholds_is_enabled": false, "adaptive_thresholding_training_window": "-7d", "metric_qualifier": "", "entity_alias_filtering_fields": "VolumeId", "gap_severity_color_light": "#EEEEEE", "alert_on": "both", "description": "The number of read and write operation requests waiting to be completed in a specified period of time.", "urgency": "5", "gap_custom_alert_value": 0, "target": "", "search_buckets": "", "alert_lag": "30", "entity_breakdown_id_fields": "VolumeId", "time_variate_thresholds_specification": {"policies": {"default_policy": {"entity_thresholds": {"isMaxStatic": false, "gaugeMax": 100, "isMinStatic": true, "gaugeMin": 0, "baseSeverityLabel": "normal", "baseSeverityColorLight": "#DCEFD7", "renderBoundaryMax": 100, "baseSeverityValue": 2, "thresholdLevels": [], "baseSeverityColor": "#99D18B", "renderBoundaryMin": 0, "metricField": "count"}, "time_blocks": [], "policy_type": "static", "aggregate_thresholds": {"isMaxStatic": false, "gaugeMax": 100, "isMinStatic": true, "gaugeMin": 0, "baseSeverityLabel": "normal", "baseSeverityColorLight": "#DCEFD7", "renderBoundaryMax": 100, "baseSeverityValue": 2, "thresholdLevels": [], "baseSeverityColor": "#99D18B", "renderBoundaryMin": 0, "metricField": "count"}, "title": "Default"}}}, "tz_offset": null, "aggregate_thresholds": {"isMaxStatic": false, "gaugeMax": 100, "isMinStatic": true, "gaugeMin": 0, "baseSeverityLabel": "info", "baseSeverityColorLight": "#E3F0F6", "renderBoundaryMax": 100, "baseSeverityValue": 1, "thresholdLevels": [], "baseSeverityColor": "#AED3E5", "renderBoundaryMin": 0, "metricField": "count"}, "gap_severity": "unknown", "search_alert_earliest": "15"}, {"threshold_field": "aws_ebs_volume_idle_time", "search_type": "shared_base", "kpi_threshold_template_id": "", "fill_gaps": "null_value", "is_service_entity_filter": true, "aggregate_thresholds_custom_alert_rules": [], "base_search": "*", "_key": "aws_ebs_volume_idle_time", "entity_thresholds": {"isMaxStatic": false, "gaugeMax": null, "isMinStatic": true, "gaugeMin": 0, "baseSeverityLabel": "info", "baseSeverityColorLight": "#E3F0F6", "renderBoundaryMax": 126.27833333333334, "baseSeverityValue": 1, "thresholdLevels": [], "baseSeverityColor": "#AED3E5", "renderBoundaryMin": 0, "metricField": "count"}, "aggregate_statop": "min", "metric": {"metric_name": "", "metric_index": ""}, "is_entity_breakdown": true, "entity_id_fields": "VolumeId", "base_search_metric": "aws_ebs_volume_idle_time", "entity_statop": "min", "source": "", "_owner": "nobody", "threshold_eval": "", "gap_severity_color": "#CCCCCC", "aggregate_thresholds_alert_enabled": false, "sec_grp": "default_itsi_security_group", "title": "AWS/EBS Volume Idle Time", "aggregate_thresholds_custom_alert_enabled": false, "alert_eval": "", "gap_severity_value": "-1", "alert_period": 15, "aggregate_eval": "", "base_search_id": "SAI-Cloud-Performance_AWS-EBS", "unit": "s", "time_variate_thresholds": false, "search_occurrences": 1, "adaptive_thresholds_is_enabled": false, "adaptive_thresholding_training_window": "-7d", "metric_qualifier": "", "entity_alias_filtering_fields": "VolumeId", "gap_severity_color_light": "#EEEEEE", "alert_on": "both", "description": "The total number of seconds in a specified period of time when no read or write operations were submitted (default 15 minutes)", "urgency": "5", "gap_custom_alert_value": 0, "target": "", "search_buckets": "", "alert_lag": "30", "entity_breakdown_id_fields": "VolumeId", "time_variate_thresholds_specification": {"policies": {"default_policy": {"entity_thresholds": {"isMaxStatic": false, "gaugeMax": 100, "isMinStatic": true, "gaugeMin": 0, "baseSeverityLabel": "normal", "baseSeverityColorLight": "#DCEFD7", "renderBoundaryMax": 100, "baseSeverityValue": 2, "thresholdLevels": [], "baseSeverityColor": "#99D18B", "renderBoundaryMin": 0, "metricField": "count"}, "time_blocks": [], "policy_type": "static", "aggregate_thresholds": {"isMaxStatic": false, "gaugeMax": 100, "isMinStatic": true, "gaugeMin": 0, "baseSeverityLabel": "normal", "baseSeverityColorLight": "#DCEFD7", "renderBoundaryMax": 100, "baseSeverityValue": 2, "thresholdLevels": [], "baseSeverityColor": "#99D18B", "renderBoundaryMin": 0, "metricField": "count"}, "title": "Default"}}}, "tz_offset": null, "aggregate_thresholds": {"isMaxStatic": false, "gaugeMax": 100, "isMinStatic": true, "gaugeMin": 0, "baseSeverityLabel": "info", "baseSeverityColorLight": "#E3F0F6", "renderBoundaryMax": 121.75, "baseSeverityValue": 1, "thresholdLevels": [], "baseSeverityColor": "#AED3E5", "renderBoundaryMin": 0, "metricField": "count"}, "gap_severity": "unknown", "search_alert_earliest": "15"}, {"threshold_field": "aws_ebs_volume_total_mb", "search_type": "shared_base", "kpi_threshold_template_id": "", "fill_gaps": "null_value", "is_service_entity_filter": true, "aggregate_thresholds_custom_alert_rules": [], "base_search": "*", "_key": "aws_ebs_volume_total_mb", "entity_thresholds": {"isMaxStatic": false, "gaugeMax": 100, "isMinStatic": true, "gaugeMin": 0, "baseSeverityLabel": "normal", "baseSeverityColorLight": "#DCEFD7", "renderBoundaryMax": 100, "baseSeverityValue": 2, "thresholdLevels": [], "baseSeverityColor": "#99D18B", "renderBoundaryMin": 0, "metricField": "count"}, "aggregate_statop": "avg", "metric": {"metric_name": "", "metric_index": ""}, "is_entity_breakdown": true, "entity_id_fields": "VolumeId", "base_search_metric": "aws_ebs_volume_total_mb", "entity_statop": "avg", "source": "", "_owner": "nobody", "threshold_eval": "", "gap_severity_color": "#CCCCCC", "aggregate_thresholds_alert_enabled": false, "sec_grp": "default_itsi_security_group", "title": "AWS/EBS Volume Total I/O MB", "aggregate_thresholds_custom_alert_enabled": false, "alert_eval": "", "gap_severity_value": "-1", "alert_period": 15, "aggregate_eval": "", "base_search_id": "SAI-Cloud-Performance_AWS-EBS", "unit": "mb", "time_variate_thresholds": false, "search_occurrences": 1, "adaptive_thresholds_is_enabled": false, "adaptive_thresholding_training_window": "-7d", "metric_qualifier": "", "entity_alias_filtering_fields": "VolumeId", "gap_severity_color_light": "#EEEEEE", "alert_on": "both", "description": "The average size of all write and write operation during the specified period (default 15 minutes)", "urgency": "5", "gap_custom_alert_value": 0, "target": "", "search_buckets": "", "alert_lag": "30", "entity_breakdown_id_fields": "VolumeId", "time_variate_thresholds_specification": {"policies": {"default_policy": {"entity_thresholds": {"isMaxStatic": false, "gaugeMax": 100, "isMinStatic": true, "gaugeMin": 0, "baseSeverityLabel": "normal", "baseSeverityColorLight": "#DCEFD7", "renderBoundaryMax": 100, "baseSeverityValue": 2, "thresholdLevels": [], "baseSeverityColor": "#99D18B", "renderBoundaryMin": 0, "metricField": "count"}, "time_blocks": [], "policy_type": "static", "aggregate_thresholds": {"isMaxStatic": false, "gaugeMax": 100, "isMinStatic": true, "gaugeMin": 0, "baseSeverityLabel": "normal", "baseSeverityColorLight": "#DCEFD7", "renderBoundaryMax": 100, "baseSeverityValue": 2, "thresholdLevels": [], "baseSeverityColor": "#99D18B", "renderBoundaryMin": 0, "metricField": "count"}, "title": "Default"}}}, "tz_offset": null, "aggregate_thresholds": {"isMaxStatic": false, "gaugeMax": 100, "isMinStatic": true, "gaugeMin": 0, "baseSeverityLabel": "info", "baseSeverityColorLight": "#E3F0F6", "renderBoundaryMax": 100, "baseSeverityValue": 1, "thresholdLevels": [], "baseSeverityColor": "#AED3E5", "renderBoundaryMin": 0, "metricField": "count"}, "gap_severity": "unknown", "search_alert_earliest": "15"}, {"threshold_field": "aws_ebs_volume_total_time", "search_type": "shared_base", "kpi_threshold_template_id": "", "fill_gaps": "null_value", "is_service_entity_filter": true, "aggregate_thresholds_custom_alert_rules": [], "base_search": "*", "_key": "aws_ebs_volume_total_time", "entity_thresholds": {"isMaxStatic": false, "gaugeMax": null, "isMinStatic": true, "gaugeMin": 0, "baseSeverityLabel": "info", "baseSeverityColorLight": "#E3F0F6", "renderBoundaryMax": 38500.39591676, "baseSeverityValue": 1, "thresholdLevels": [], "baseSeverityColor": "#AED3E5", "renderBoundaryMin": 0, "metricField": "count"}, "aggregate_statop": "avg", "metric": {"metric_name": "", "metric_index": ""}, "is_entity_breakdown": true, "entity_id_fields": "VolumeId", "base_search_metric": "aws_ebs_volume_total_time", "entity_statop": "avg", "source": "", "_owner": "nobody", "threshold_eval": "", "gap_severity_color": "#CCCCCC", "aggregate_thresholds_alert_enabled": false, "sec_grp": "default_itsi_security_group", "title": "AWS/EBS Volume Total I/O Time", "aggregate_thresholds_custom_alert_enabled": false, "alert_eval": "", "gap_severity_value": "-1", "alert_period": 15, "aggregate_eval": "", "base_search_id": "SAI-Cloud-Performance_AWS-EBS", "unit": "s", "time_variate_thresholds": false, "search_occurrences": 1, "adaptive_thresholds_is_enabled": false, "adaptive_thresholding_training_window": "-7d", "metric_qualifier": "", "entity_alias_filtering_fields": "VolumeId", "gap_severity_color_light": "#EEEEEE", "alert_on": "both", "description": "The total number of seconds in a specified period of time servicing read and write operations (default 15 minutes)", "urgency": "5", "gap_custom_alert_value": 0, "target": "", "search_buckets": "", "alert_lag": "30", "entity_breakdown_id_fields": "VolumeId", "time_variate_thresholds_specification": {"policies": {"default_policy": {"entity_thresholds": {"isMaxStatic": false, "gaugeMax": 100, "isMinStatic": true, "gaugeMin": 0, "baseSeverityLabel": "normal", "baseSeverityColorLight": "#DCEFD7", "renderBoundaryMax": 100, "baseSeverityValue": 2, "thresholdLevels": [], "baseSeverityColor": "#99D18B", "renderBoundaryMin": 0, "metricField": "count"}, "time_blocks": [], "policy_type": "static", "aggregate_thresholds": {"isMaxStatic": false, "gaugeMax": 100, "isMinStatic": true, "gaugeMin": 0, "baseSeverityLabel": "normal", "baseSeverityColorLight": "#DCEFD7", "renderBoundaryMax": 100, "baseSeverityValue": 2, "thresholdLevels": [], "baseSeverityColor": "#99D18B", "renderBoundaryMin": 0, "metricField": "count"}, "title": "Default"}}}, "tz_offset": null, "aggregate_thresholds": {"isMaxStatic": false, "gaugeMax": 100, "isMinStatic": true, "gaugeMin": 0, "baseSeverityLabel": "info", "baseSeverityColorLight": "#E3F0F6", "renderBoundaryMax": 34301.83121029886, "baseSeverityValue": 1, "thresholdLevels": [], "baseSeverityColor": "#AED3E5", "renderBoundaryMin": 0, "metricField": "count"}, "gap_severity": "unknown", "search_alert_earliest": "15"}, {"threshold_field": "aws_ebs_volume_total_ops", "search_type": "shared_base", "kpi_threshold_template_id": "", "fill_gaps": "null_value", "is_service_entity_filter": true, "aggregate_thresholds_custom_alert_rules": [], "base_search": "*", "_key": "aws_ebs_volume_total_ops", "entity_thresholds": {"isMaxStatic": false, "gaugeMax": null, "isMinStatic": true, "gaugeMin": 0, "baseSeverityLabel": "info", "baseSeverityColorLight": "#E3F0F6", "renderBoundaryMax": 100, "baseSeverityValue": 1, "thresholdLevels": [], "baseSeverityColor": "#AED3E5", "renderBoundaryMin": 0, "metricField": "count"}, "aggregate_statop": "avg", "metric": {"metric_name": "", "metric_index": ""}, "is_entity_breakdown": true, "entity_id_fields": "VolumeId", "base_search_metric": "aws_ebs_volume_total_ops", "entity_statop": "avg", "source": "", "_owner": "nobody", "threshold_eval": "", "gap_severity_color": "#CCCCCC", "aggregate_thresholds_alert_enabled": false, "sec_grp": "default_itsi_security_group", "title": "AWS/EBS Volume Total Operations", "aggregate_thresholds_custom_alert_enabled": false, "alert_eval": "", "gap_severity_value": "-1", "alert_period": 15, "aggregate_eval": "", "base_search_id": "SAI-Cloud-Performance_AWS-EBS", "unit": "", "time_variate_thresholds": false, "search_occurrences": 1, "adaptive_thresholds_is_enabled": false, "adaptive_thresholding_training_window": "-7d", "metric_qualifier": "", "entity_alias_filtering_fields": "VolumeId", "gap_severity_color_light": "#EEEEEE", "alert_on": "both", "description": "The total number of read and write operations in a specified period of time (default 15 minutes)", "urgency": "5", "gap_custom_alert_value": 0, "target": "", "search_buckets": "", "alert_lag": "30", "entity_breakdown_id_fields": "VolumeId", "time_variate_thresholds_specification": {"policies": {"default_policy": {"entity_thresholds": {"isMaxStatic": false, "gaugeMax": 100, "isMinStatic": true, "gaugeMin": 0, "baseSeverityLabel": "normal", "baseSeverityColorLight": "#DCEFD7", "renderBoundaryMax": 100, "baseSeverityValue": 2, "thresholdLevels": [], "baseSeverityColor": "#99D18B", "renderBoundaryMin": 0, "metricField": "count"}, "time_blocks": [], "policy_type": "static", "aggregate_thresholds": {"isMaxStatic": false, "gaugeMax": 100, "isMinStatic": true, "gaugeMin": 0, "baseSeverityLabel": "normal", "baseSeverityColorLight": "#DCEFD7", "renderBoundaryMax": 100, "baseSeverityValue": 2, "thresholdLevels": [], "baseSeverityColor": "#99D18B", "renderBoundaryMin": 0, "metricField": "count"}, "title": "Default"}}}, "tz_offset": null, "aggregate_thresholds": {"isMaxStatic": false, "gaugeMax": 100, "isMinStatic": true, "gaugeMin": 0, "baseSeverityLabel": "info", "baseSeverityColorLight": "#E3F0F6", "renderBoundaryMax": 100, "baseSeverityValue": 1, "thresholdLevels": [], "baseSeverityColor": "#AED3E5", "renderBoundaryMin": 0, "metricField": "count"}, "gap_severity": "unknown", "search_alert_earliest": "15"}], "mod_timestamp": "2019-11-11T15:42:43.725666+00:00", "_key": "SAI-AWS_EBS_Service_Template", "entity_rules": [{"rule_items": [{"field": "itsi_role", "value": "SAI", "field_type": "info", "rule_type": "matches"}, {"field": "VolumeId", "value": "*", "field_type": "alias", "rule_type": "matches"}, {"field": "region", "value": "", "field_type": "info", "rule_type": "matchesblank"}], "rule_condition": "AND"}], "sec_grp": "default_itsi_security_group", "title": "Cloud KPIs - AWS EBS (SAI)", "identifying_name": "cloud kpis - aws ebs (sai)", "sync_status": "synced", "_user": "nobody", "_immutable": true, "object_type": "base_service_template", "_owner": "nobody"}, {"description": "A service template that contains out-of-box KPIs for AWS EC2 based services imported from SAI.", "total_linked_services": 0, "permissions": {"user": "nobody", "group": {"delete": true, "read": true, "write": true}, "delete": true, "read": true, "write": true}, "mod_source": "REST", "_version": "4.3.1", "linked_services": [], "kpis": [{"threshold_field": "aws_ec2_cpu_utilization", "search_type": "shared_base", "kpi_threshold_template_id": "", "fill_gaps": "null_value", "is_service_entity_filter": true, "unit": "%", "base_search": "*", "_key": "aws_ec2_cpu_utilization", "entity_thresholds": {"isMaxStatic": true, "gaugeMax": 100, "isMinStatic": true, "gaugeMin": 0, "baseSeverityLabel": "normal", "baseSeverityColorLight": "#DCEFD7", "renderBoundaryMax": 100, "baseSeverityValue": 2, "thresholdLevels": [{"severityColor": "#FFE98C", "thresholdValue": 90, "severityValue": 3, "severityColorLight": "#FFF4C5", "dynamicParam": 0, "severityLabel": "low"}, {"severityColor": "#FCB64E", "thresholdValue": 95, "severityValue": 4, "severityColorLight": "#FEE6C1", "dynamicParam": 0, "severityLabel": "medium"}], "baseSeverityColor": "#99D18B", "renderBoundaryMin": 0, "metricField": "count"}, "aggregate_statop": "avg", "metric": {"metric_name": "", "metric_index": ""}, "is_entity_breakdown": true, "base_search_metric": "aws_ec2_cpu_utilization", "entity_statop": "avg", "source": "", "_owner": "nobody", "aggregate_thresholds": {"isMaxStatic": true, "gaugeMax": 100, "isMinStatic": true, "gaugeMin": 0, "baseSeverityLabel": "normal", "baseSeverityColorLight": "#DCEFD7", "renderBoundaryMax": 100, "baseSeverityValue": 2, "thresholdLevels": [{"severityColor": "#FFE98C", "thresholdValue": 90, "severityValue": 3, "severityColorLight": "#FFF4C5", "dynamicParam": 0, "severityLabel": "low"}, {"severityColor": "#FCB64E", "thresholdValue": 95, "severityValue": 4, "severityColorLight": "#FEE6C1", "dynamicParam": 0, "severityLabel": "medium"}], "baseSeverityColor": "#99D18B", "renderBoundaryMin": 0, "metricField": "count"}, "gap_severity_color": "#CCCCCC", "aggregate_thresholds_alert_enabled": false, "sec_grp": "default_itsi_security_group", "title": "AWS/EC2 CPU Utilization %", "aggregate_thresholds_custom_alert_enabled": false, "gap_severity_value": "-1", "alert_period": 15, "description": "The percentage of allocated EC2 compute units that are currently in use on the instance. This metric identifies the processing power required to run an application upon a selected instance.\n\nTo use the percentiles statistic, you must enable detailed monitoring in AWS.", "adaptive_thresholds_is_enabled": false, "aggregate_thresholds_custom_alert_rules": [], "time_variate_thresholds": false, "search_occurrences": 1, "adaptive_thresholding_training_window": "-7d", "metric_qualifier": "", "entity_alias_filtering_fields": "InstanceId", "gap_severity_color_light": "#EEEEEE", "alert_on": "both", "entity_id_fields": "InstanceId", "urgency": "5", "gap_custom_alert_value": 0, "target": "", "search_buckets": "", "alert_lag": "30", "entity_breakdown_id_fields": "InstanceId", "time_variate_thresholds_specification": {"policies": {"default_policy": {"entity_thresholds": {"isMaxStatic": false, "gaugeMax": 100, "isMinStatic": true, "gaugeMin": 0, "baseSeverityLabel": "normal", "baseSeverityColorLight": "#DCEFD7", "renderBoundaryMax": 100, "baseSeverityValue": 2, "thresholdLevels": [], "baseSeverityColor": "#99D18B", "renderBoundaryMin": 0, "metricField": "count"}, "time_blocks": [], "policy_type": "static", "aggregate_thresholds": {"isMaxStatic": false, "gaugeMax": 100, "isMinStatic": true, "gaugeMin": 0, "baseSeverityLabel": "normal", "baseSeverityColorLight": "#DCEFD7", "renderBoundaryMax": 100, "baseSeverityValue": 2, "thresholdLevels": [], "baseSeverityColor": "#99D18B", "renderBoundaryMin": 0, "metricField": "count"}, "title": "Default"}}}, "tz_offset": null, "gap_severity": "unknown", "search_alert_earliest": "15", "base_search_id": "SAI-Cloud-Performance_AWS-EC2"}, {"threshold_field": "aws_ec2_disk_total_mb", "search_type": "shared_base", "kpi_threshold_template_id": "", "fill_gaps": "null_value", "is_service_entity_filter": true, "aggregate_thresholds_custom_alert_rules": [], "base_search": "*", "_key": "aws_ec2_disk_total_mb", "entity_thresholds": {"isMaxStatic": false, "gaugeMax": null, "isMinStatic": true, "gaugeMin": 0, "baseSeverityLabel": "info", "baseSeverityColorLight": "#E3F0F6", "renderBoundaryMax": 100, "baseSeverityValue": 1, "thresholdLevels": [], "baseSeverityColor": "#AED3E5", "renderBoundaryMin": 0, "metricField": "count"}, "aggregate_statop": "avg", "metric": {"metric_name": "", "metric_index": ""}, "is_entity_breakdown": true, "entity_id_fields": "InstanceId", "base_search_metric": "aws_ec2_disk_total_mb", "entity_statop": "avg", "source": "", "_owner": "nobody", "threshold_eval": "", "gap_severity_color": "#CCCCCC", "aggregate_thresholds_alert_enabled": false, "sec_grp": "default_itsi_security_group", "title": "AWS/EC2 Disk Total I/O MB", "aggregate_thresholds_custom_alert_enabled": false, "alert_eval": "", "gap_severity_value": "-1", "alert_period": 15, "aggregate_eval": "", "base_search_id": "SAI-Cloud-Performance_AWS-EC2", "unit": "mb", "time_variate_thresholds": false, "search_occurrences": 1, "adaptive_thresholds_is_enabled": false, "adaptive_thresholding_training_window": "-7d", "metric_qualifier": "", "entity_alias_filtering_fields": "InstanceId", "gap_severity_color_light": "#EEEEEE", "alert_on": "both", "description": "Bytes read to and written from all instance store volumes available to the instance.", "urgency": "5", "gap_custom_alert_value": 0, "target": "", "search_buckets": "", "alert_lag": "30", "entity_breakdown_id_fields": "InstanceId", "time_variate_thresholds_specification": {"policies": {"default_policy": {"entity_thresholds": {"isMaxStatic": false, "gaugeMax": 100, "isMinStatic": true, "gaugeMin": 0, "baseSeverityLabel": "normal", "baseSeverityColorLight": "#DCEFD7", "renderBoundaryMax": 100, "baseSeverityValue": 2, "thresholdLevels": [], "baseSeverityColor": "#99D18B", "renderBoundaryMin": 0, "metricField": "count"}, "time_blocks": [], "policy_type": "static", "aggregate_thresholds": {"isMaxStatic": false, "gaugeMax": 100, "isMinStatic": true, "gaugeMin": 0, "baseSeverityLabel": "normal", "baseSeverityColorLight": "#DCEFD7", "renderBoundaryMax": 100, "baseSeverityValue": 2, "thresholdLevels": [], "baseSeverityColor": "#99D18B", "renderBoundaryMin": 0, "metricField": "count"}, "title": "Default"}}}, "tz_offset": null, "aggregate_thresholds": {"isMaxStatic": false, "gaugeMax": 100, "isMinStatic": true, "gaugeMin": 0, "baseSeverityLabel": "info", "baseSeverityColorLight": "#E3F0F6", "renderBoundaryMax": 100, "baseSeverityValue": 1, "thresholdLevels": [], "baseSeverityColor": "#AED3E5", "renderBoundaryMin": 0, "metricField": "count"}, "gap_severity": "unknown", "search_alert_earliest": "15"}, {"threshold_field": "aws_ec2_disk_total_ops", "search_type": "shared_base", "kpi_threshold_template_id": "", "fill_gaps": "null_value", "is_service_entity_filter": true, "aggregate_thresholds_custom_alert_rules": [], "base_search": "*", "_key": "aws_ec2_disk_total_ops", "entity_thresholds": {"isMaxStatic": false, "gaugeMax": null, "isMinStatic": true, "gaugeMin": 0, "baseSeverityLabel": "info", "baseSeverityColorLight": "#E3F0F6", "renderBoundaryMax": 100, "baseSeverityValue": 1, "thresholdLevels": [], "baseSeverityColor": "#AED3E5", "renderBoundaryMin": 0, "metricField": "count"}, "aggregate_statop": "avg", "metric": {"metric_name": "", "metric_index": ""}, "is_entity_breakdown": true, "entity_id_fields": "InstanceId", "base_search_metric": "aws_ec2_disk_total_ops", "entity_statop": "avg", "source": "", "_owner": "nobody", "threshold_eval": "", "gap_severity_color": "#CCCCCC", "aggregate_thresholds_alert_enabled": false, "sec_grp": "default_itsi_security_group", "title": "AWS/EC2 Disk Total I/O Operations", "aggregate_thresholds_custom_alert_enabled": false, "alert_eval": "", "gap_severity_value": "-1", "alert_period": 15, "aggregate_eval": "", "base_search_id": "SAI-Cloud-Performance_AWS-EC2", "unit": "", "time_variate_thresholds": false, "search_occurrences": 1, "adaptive_thresholds_is_enabled": false, "adaptive_thresholding_training_window": "-7d", "metric_qualifier": "", "entity_alias_filtering_fields": "InstanceId", "gap_severity_color_light": "#EEEEEE", "alert_on": "both", "description": "Completed read and write operations to all instance store volumes available to the instance in a specified period of time.", "urgency": "5", "gap_custom_alert_value": 0, "target": "", "search_buckets": "", "alert_lag": "30", "entity_breakdown_id_fields": "InstanceId", "time_variate_thresholds_specification": {"policies": {"default_policy": {"entity_thresholds": {"isMaxStatic": false, "gaugeMax": 100, "isMinStatic": true, "gaugeMin": 0, "baseSeverityLabel": "normal", "baseSeverityColorLight": "#DCEFD7", "renderBoundaryMax": 100, "baseSeverityValue": 2, "thresholdLevels": [], "baseSeverityColor": "#99D18B", "renderBoundaryMin": 0, "metricField": "count"}, "time_blocks": [], "policy_type": "static", "aggregate_thresholds": {"isMaxStatic": false, "gaugeMax": 100, "isMinStatic": true, "gaugeMin": 0, "baseSeverityLabel": "normal", "baseSeverityColorLight": "#DCEFD7", "renderBoundaryMax": 100, "baseSeverityValue": 2, "thresholdLevels": [], "baseSeverityColor": "#99D18B", "renderBoundaryMin": 0, "metricField": "count"}, "title": "Default"}}}, "tz_offset": null, "aggregate_thresholds": {"isMaxStatic": false, "gaugeMax": 100, "isMinStatic": true, "gaugeMin": 0, "baseSeverityLabel": "info", "baseSeverityColorLight": "#E3F0F6", "renderBoundaryMax": 100, "baseSeverityValue": 1, "thresholdLevels": [], "baseSeverityColor": "#AED3E5", "renderBoundaryMin": 0, "metricField": "count"}, "gap_severity": "unknown", "search_alert_earliest": "15"}, {"threshold_field": "aws_ec2_network_total_mb", "search_type": "shared_base", "kpi_threshold_template_id": "", "fill_gaps": "null_value", "is_service_entity_filter": true, "aggregate_thresholds_custom_alert_rules": [], "base_search": "*", "_key": "aws_ec2_network_total_mb", "entity_thresholds": {"isMaxStatic": false, "gaugeMax": null, "isMinStatic": true, "gaugeMin": 0, "baseSeverityLabel": "info", "baseSeverityColorLight": "#E3F0F6", "renderBoundaryMax": 2942803.2674229266, "baseSeverityValue": 1, "thresholdLevels": [], "baseSeverityColor": "#AED3E5", "renderBoundaryMin": 0, "metricField": "count"}, "aggregate_statop": "avg", "metric": {"metric_name": "", "metric_index": ""}, "is_entity_breakdown": true, "entity_id_fields": "InstanceId", "base_search_metric": "aws_ec2_network_total_mb", "entity_statop": "avg", "source": "", "_owner": "nobody", "threshold_eval": "", "gap_severity_color": "#CCCCCC", "aggregate_thresholds_alert_enabled": false, "sec_grp": "default_itsi_security_group", "title": "AWS/EC2 Network Total I/O MB", "aggregate_thresholds_custom_alert_enabled": false, "alert_eval": "", "gap_severity_value": "-1", "alert_period": 15, "aggregate_eval": "", "base_search_id": "SAI-Cloud-Performance_AWS-EC2", "unit": "mb", "time_variate_thresholds": false, "search_occurrences": 1, "adaptive_thresholds_is_enabled": false, "adaptive_thresholding_training_window": "-7d", "metric_qualifier": "", "entity_alias_filtering_fields": "InstanceId", "gap_severity_color_light": "#EEEEEE", "alert_on": "both", "description": "The number of megabytes sent and received on all network interfaces by the instance. This metric identifies the volume of network traffic for a single instance.", "urgency": "5", "gap_custom_alert_value": 0, "target": "", "search_buckets": "", "alert_lag": "30", "entity_breakdown_id_fields": "InstanceId", "time_variate_thresholds_specification": {"policies": {"default_policy": {"entity_thresholds": {"isMaxStatic": false, "gaugeMax": 100, "isMinStatic": true, "gaugeMin": 0, "baseSeverityLabel": "normal", "baseSeverityColorLight": "#DCEFD7", "renderBoundaryMax": 100, "baseSeverityValue": 2, "thresholdLevels": [], "baseSeverityColor": "#99D18B", "renderBoundaryMin": 0, "metricField": "count"}, "time_blocks": [], "policy_type": "static", "aggregate_thresholds": {"isMaxStatic": false, "gaugeMax": 100, "isMinStatic": true, "gaugeMin": 0, "baseSeverityLabel": "normal", "baseSeverityColorLight": "#DCEFD7", "renderBoundaryMax": 100, "baseSeverityValue": 2, "thresholdLevels": [], "baseSeverityColor": "#99D18B", "renderBoundaryMin": 0, "metricField": "count"}, "title": "Default"}}}, "tz_offset": null, "aggregate_thresholds": {"isMaxStatic": false, "gaugeMax": 100, "isMinStatic": true, "gaugeMin": 0, "baseSeverityLabel": "info", "baseSeverityColorLight": "#E3F0F6", "renderBoundaryMax": 2818544.932695455, "baseSeverityValue": 1, "thresholdLevels": [], "baseSeverityColor": "#AED3E5", "renderBoundaryMin": 0, "metricField": "count"}, "gap_severity": "unknown", "search_alert_earliest": "15"}, {"threshold_field": "aws_ec2_network_total_packets", "search_type": "shared_base", "kpi_threshold_template_id": "", "fill_gaps": "null_value", "is_service_entity_filter": true, "aggregate_thresholds_custom_alert_rules": [], "base_search": "*", "_key": "aws_ec2_network_total_packets", "entity_thresholds": {"isMaxStatic": false, "gaugeMax": null, "isMinStatic": true, "gaugeMin": 0, "baseSeverityLabel": "info", "baseSeverityColorLight": "#E3F0F6", "renderBoundaryMax": 4291.6050000000005, "baseSeverityValue": 1, "thresholdLevels": [], "baseSeverityColor": "#AED3E5", "renderBoundaryMin": 0, "metricField": "count"}, "aggregate_statop": "avg", "metric": {"metric_name": "", "metric_index": ""}, "is_entity_breakdown": true, "entity_id_fields": "InstanceId", "base_search_metric": "aws_ec2_network_total_packets", "entity_statop": "avg", "source": "", "_owner": "nobody", "threshold_eval": "", "gap_severity_color": "#CCCCCC", "aggregate_thresholds_alert_enabled": false, "sec_grp": "default_itsi_security_group", "title": "AWS/EC2 Network Total Packets", "aggregate_thresholds_custom_alert_enabled": false, "alert_eval": "", "gap_severity_value": "-1", "alert_period": 15, "aggregate_eval": "", "base_search_id": "SAI-Cloud-Performance_AWS-EC2", "unit": "", "time_variate_thresholds": false, "search_occurrences": 1, "adaptive_thresholds_is_enabled": false, "adaptive_thresholding_training_window": "-7d", "metric_qualifier": "", "entity_alias_filtering_fields": "InstanceId", "gap_severity_color_light": "#EEEEEE", "alert_on": "both", "description": "The number of packets sent and received on all network interfaces by the instance. This metric identifies the volume of incoming traffic in terms of the number of packets on a single instance.", "urgency": "5", "gap_custom_alert_value": 0, "target": "", "search_buckets": "", "alert_lag": "30", "entity_breakdown_id_fields": "InstanceId", "time_variate_thresholds_specification": {"policies": {"default_policy": {"entity_thresholds": {"isMaxStatic": false, "gaugeMax": 100, "isMinStatic": true, "gaugeMin": 0, "baseSeverityLabel": "normal", "baseSeverityColorLight": "#DCEFD7", "renderBoundaryMax": 100, "baseSeverityValue": 2, "thresholdLevels": [], "baseSeverityColor": "#99D18B", "renderBoundaryMin": 0, "metricField": "count"}, "time_blocks": [], "policy_type": "static", "aggregate_thresholds": {"isMaxStatic": false, "gaugeMax": 100, "isMinStatic": true, "gaugeMin": 0, "baseSeverityLabel": "normal", "baseSeverityColorLight": "#DCEFD7", "renderBoundaryMax": 100, "baseSeverityValue": 2, "thresholdLevels": [], "baseSeverityColor": "#99D18B", "renderBoundaryMin": 0, "metricField": "count"}, "title": "Default"}}}, "tz_offset": null, "aggregate_thresholds": {"isMaxStatic": false, "gaugeMax": 100, "isMinStatic": true, "gaugeMin": 0, "baseSeverityLabel": "info", "baseSeverityColorLight": "#E3F0F6", "renderBoundaryMax": 511.0643489628698, "baseSeverityValue": 1, "thresholdLevels": [], "baseSeverityColor": "#AED3E5", "renderBoundaryMin": 0, "metricField": "count"}, "gap_severity": "unknown", "search_alert_earliest": "15"}, {"threshold_field": "aws_ec2_status_check_failed", "search_type": "shared_base", "kpi_threshold_template_id": "", "fill_gaps": "null_value", "is_service_entity_filter": true, "aggregate_thresholds_custom_alert_rules": [], "base_search": "*", "_key": "aws_ec2_status_check_failed", "entity_thresholds": {"isMaxStatic": false, "gaugeMax": 2.2, "isMinStatic": true, "gaugeMin": 0, "baseSeverityLabel": "normal", "baseSeverityColorLight": "#DCEFD7", "renderBoundaryMax": 100, "baseSeverityValue": 2, "thresholdLevels": [{"severityColor": "#FFE98C", "thresholdValue": 1, "severityValue": 3, "severityColorLight": "#FFF4C5", "dynamicParam": 0, "severityLabel": "low"}, {"severityColor": "#FCB64E", "thresholdValue": 2, "severityValue": 4, "severityColorLight": "#FEE6C1", "dynamicParam": 0, "severityLabel": "medium"}], "baseSeverityColor": "#99D18B", "renderBoundaryMin": 0, "metricField": "count"}, "aggregate_statop": "avg", "metric": {"metric_name": "", "metric_index": ""}, "is_entity_breakdown": true, "entity_id_fields": "InstanceId", "base_search_metric": "aws_ec2_status_check_failed", "entity_statop": "avg", "source": "", "_owner": "nobody", "threshold_eval": "", "gap_severity_color": "#CCCCCC", "aggregate_thresholds_alert_enabled": false, "sec_grp": "default_itsi_security_group", "title": "AWS/EC2 Status Checks Failed", "aggregate_thresholds_custom_alert_enabled": false, "alert_eval": "", "gap_severity_value": "-1", "alert_period": 15, "aggregate_eval": "", "base_search_id": "SAI-Cloud-Performance_AWS-EC2", "unit": "", "time_variate_thresholds": false, "search_occurrences": 1, "adaptive_thresholds_is_enabled": false, "adaptive_thresholding_training_window": "-7d", "metric_qualifier": "", "entity_alias_filtering_fields": "InstanceId", "gap_severity_color_light": "#EEEEEE", "alert_on": "both", "description": "Reports whether the instance has passed both the instance status check and the system status check in the last minute.\n\nThis metric can be either 0 (passed) or 1 (failed).", "urgency": "5", "gap_custom_alert_value": 0, "target": "", "search_buckets": "", "alert_lag": "30", "entity_breakdown_id_fields": "InstanceId", "time_variate_thresholds_specification": {"policies": {"default_policy": {"entity_thresholds": {"isMaxStatic": false, "gaugeMax": 100, "isMinStatic": true, "gaugeMin": 0, "baseSeverityLabel": "normal", "baseSeverityColorLight": "#DCEFD7", "renderBoundaryMax": 100, "baseSeverityValue": 2, "thresholdLevels": [], "baseSeverityColor": "#99D18B", "renderBoundaryMin": 0, "metricField": "count"}, "time_blocks": [], "policy_type": "static", "aggregate_thresholds": {"isMaxStatic": false, "gaugeMax": 100, "isMinStatic": true, "gaugeMin": 0, "baseSeverityLabel": "normal", "baseSeverityColorLight": "#DCEFD7", "renderBoundaryMax": 100, "baseSeverityValue": 2, "thresholdLevels": [], "baseSeverityColor": "#99D18B", "renderBoundaryMin": 0, "metricField": "count"}, "title": "Default"}}}, "tz_offset": null, "aggregate_thresholds": {"isMaxStatic": true, "gaugeMax": 2.2, "isMinStatic": true, "gaugeMin": 0, "baseSeverityLabel": "normal", "baseSeverityColorLight": "#DCEFD7", "renderBoundaryMax": 2.2, "baseSeverityValue": 2, "thresholdLevels": [{"severityColor": "#FFE98C", "thresholdValue": 1, "severityValue": 3, "severityColorLight": "#FFF4C5", "dynamicParam": 0, "severityLabel": "low"}, {"severityColor": "#FCB64E", "thresholdValue": 2, "severityValue": 4, "severityColorLight": "#FEE6C1", "dynamicParam": 0, "severityLabel": "medium"}], "baseSeverityColor": "#99D18B", "renderBoundaryMin": 0, "metricField": "count"}, "gap_severity": "unknown", "search_alert_earliest": "15"}], "mod_timestamp": "2019-11-11T15:42:44.408639+00:00", "_key": "SAI-AWS_EC2_Service_Template", "entity_rules": [{"rule_items": [{"field": "itsi_role", "value": "SAI", "field_type": "info", "rule_type": "matches"}, {"field": "InstanceId", "value": "*", "field_type": "alias", "rule_type": "matches"}, {"field": "region", "value": "", "field_type": "info", "rule_type": "matchesblank"}], "rule_condition": "AND"}], "sec_grp": "default_itsi_security_group", "title": "Cloud KPIs - AWS EC2 (SAI)", "identifying_name": "cloud kpis - aws ec2 (sai)", "sync_status": "synced", "_user": "nobody", "_immutable": true, "object_type": "base_service_template", "_owner": "nobody"}, {"description": "A service template that contains out-of-box KPIs for *nix based services imported from SAI.", "total_linked_services": 0, "permissions": {"user": "nobody", "group": {"delete": true, "read": true, "write": true}, "delete": true, "read": true, "write": true}, "mod_source": "REST", "_version": "4.3.1", "linked_services": [], "kpis": [{"threshold_field": "cpu_active", "search_type": "shared_base", "kpi_threshold_template_id": "", "fill_gaps": "null_value", "is_service_entity_filter": true, "aggregate_thresholds_custom_alert_rules": [], "base_search": "*", "_key": "nix_cpu_active", "entity_thresholds": {"isMaxStatic": true, "gaugeMax": 100, "isMinStatic": true, "gaugeMin": 0, "baseSeverityLabel": "normal", "baseSeverityColorLight": "#DCEFD7", "renderBoundaryMax": 100, "baseSeverityValue": 2, "thresholdLevels": [{"severityColor": "#FFE98C", "thresholdValue": 90, "severityValue": 3, "severityColorLight": "#FFF4C5", "dynamicParam": 0, "severityLabel": "low"}, {"severityColor": "#FCB64E", "thresholdValue": 95, "severityValue": 4, "severityColorLight": "#FEE6C1", "dynamicParam": 0, "severityLabel": "medium"}], "baseSeverityColor": "#99D18B", "renderBoundaryMin": 0, "metricField": "count"}, "aggregate_statop": "avg", "metric": {"metric_name": "", "metric_index": ""}, "is_entity_breakdown": true, "entity_id_fields": "host", "base_search_metric": "cpu_active", "entity_statop": "avg", "source": "", "_owner": "nobody", "threshold_eval": "", "gap_severity_color": "#CCCCCC", "aggregate_thresholds_alert_enabled": false, "sec_grp": "default_itsi_security_group", "title": "CPU Active %", "aggregate_thresholds_custom_alert_enabled": false, "alert_eval": "", "gap_severity_value": "-1", "alert_period": 1, "aggregate_eval": "", "base_search_id": "SAI-OS-Performance_nix", "unit": "%", "time_variate_thresholds": false, "search_occurrences": 1, "adaptive_thresholds_is_enabled": false, "adaptive_thresholding_training_window": "-7d", "metric_qualifier": "", "entity_alias_filtering_fields": "host", "gap_severity_color_light": "#EEEEEE", "alert_on": "both", "description": "", "urgency": "5", "gap_custom_alert_value": 0, "target": "", "search_buckets": "", "alert_lag": "30", "entity_breakdown_id_fields": "host", "time_variate_thresholds_specification": {"policies": {"default_policy": {"entity_thresholds": {"isMaxStatic": false, "gaugeMax": 100, "isMinStatic": true, "gaugeMin": 0, "baseSeverityLabel": "normal", "baseSeverityColorLight": "#DCEFD7", "renderBoundaryMax": 100, "baseSeverityValue": 2, "thresholdLevels": [], "baseSeverityColor": "#99D18B", "renderBoundaryMin": 0, "metricField": "count"}, "time_blocks": [], "policy_type": "static", "aggregate_thresholds": {"isMaxStatic": false, "gaugeMax": 100, "isMinStatic": true, "gaugeMin": 0, "baseSeverityLabel": "normal", "baseSeverityColorLight": "#DCEFD7", "renderBoundaryMax": 100, "baseSeverityValue": 2, "thresholdLevels": [], "baseSeverityColor": "#99D18B", "renderBoundaryMin": 0, "metricField": "count"}, "title": "Default"}}}, "tz_offset": null, "aggregate_thresholds": {"isMaxStatic": true, "gaugeMax": 100, "isMinStatic": true, "gaugeMin": 0, "baseSeverityLabel": "normal", "baseSeverityColorLight": "#DCEFD7", "renderBoundaryMax": 100, "baseSeverityValue": 2, "thresholdLevels": [{"severityColor": "#FFE98C", "thresholdValue": 90, "severityValue": 3, "severityColorLight": "#FFF4C5", "dynamicParam": 0, "severityLabel": "low"}, {"severityColor": "#FCB64E", "thresholdValue": 95, "severityValue": 4, "severityColorLight": "#FEE6C1", "dynamicParam": 0, "severityLabel": "medium"}], "baseSeverityColor": "#99D18B", "renderBoundaryMin": 0, "metricField": "count"}, "gap_severity": "unknown", "search_alert_earliest": "1"}, {"threshold_field": "disk_io_weighted", "search_type": "shared_base", "kpi_threshold_template_id": "", "fill_gaps": "null_value", "is_service_entity_filter": true, "aggregate_thresholds_custom_alert_rules": [], "base_search": "*", "_key": "nix_disk_io_weighted", "entity_thresholds": {"isMaxStatic": false, "gaugeMax": 0, "isMinStatic": true, "gaugeMin": 0, "baseSeverityLabel": "info", "baseSeverityColorLight": "#E3F0F6", "renderBoundaryMax": 61.6731269, "baseSeverityValue": 1, "thresholdLevels": [], "baseSeverityColor": "#AED3E5", "renderBoundaryMin": 0, "metricField": "disk_io_weighted"}, "aggregate_statop": "avg", "metric": {"metric_name": "", "metric_index": ""}, "is_entity_breakdown": true, "entity_id_fields": "host", "base_search_metric": "disk_io_weighted", "entity_statop": "max", "source": "", "_owner": "nobody", "threshold_eval": "", "gap_severity_color": "#CCCCCC", "aggregate_thresholds_alert_enabled": false, "sec_grp": "default_itsi_security_group", "title": "Disk IO Weighted Time", "aggregate_thresholds_custom_alert_enabled": false, "alert_eval": "", "gap_severity_value": "-1", "alert_period": 1, "aggregate_eval": "", "base_search_id": "SAI-OS-Performance_nix_disk", "unit": "ms", "time_variate_thresholds": false, "search_occurrences": 1, "adaptive_thresholds_is_enabled": false, "adaptive_thresholding_training_window": "-7d", "metric_qualifier": "", "entity_alias_filtering_fields": "host", "gap_severity_color_light": "#EEEEEE", "alert_on": "both", "description": "Amount of time in ms disk operations have taken to complete plus the amount of time to service the rest of the queue", "urgency": "5", "gap_custom_alert_value": 0, "target": "", "search_buckets": "", "alert_lag": "30", "entity_breakdown_id_fields": "host_dev", "time_variate_thresholds_specification": {"policies": {"default_policy": {"entity_thresholds": {"isMaxStatic": false, "gaugeMax": 100, "isMinStatic": true, "gaugeMin": 0, "baseSeverityLabel": "normal", "baseSeverityColorLight": "#DCEFD7", "renderBoundaryMax": 100, "baseSeverityValue": 2, "thresholdLevels": [], "baseSeverityColor": "#99D18B", "renderBoundaryMin": 0, "metricField": "count"}, "time_blocks": [], "policy_type": "static", "aggregate_thresholds": {"isMaxStatic": false, "gaugeMax": 100, "isMinStatic": true, "gaugeMin": 0, "baseSeverityLabel": "normal", "baseSeverityColorLight": "#DCEFD7", "renderBoundaryMax": 100, "baseSeverityValue": 2, "thresholdLevels": [], "baseSeverityColor": "#99D18B", "renderBoundaryMin": 0, "metricField": "count"}, "title": "Default"}}}, "tz_offset": null, "aggregate_thresholds": {"isMaxStatic": false, "gaugeMax": 100, "isMinStatic": true, "gaugeMin": 0, "baseSeverityLabel": "info", "baseSeverityColorLight": "#E3F0F6", "renderBoundaryMax": 100, "baseSeverityValue": 1, "thresholdLevels": [], "baseSeverityColor": "#AED3E5", "renderBoundaryMin": 0, "metricField": "disk_io_weighted"}, "gap_severity": "unknown", "search_alert_earliest": "1"}, {"threshold_field": "disk_queue_size", "search_type": "shared_base", "kpi_threshold_template_id": "", "fill_gaps": "null_value", "is_service_entity_filter": true, "aggregate_thresholds_custom_alert_rules": [], "base_search": "*", "_key": "nix_disk_queue_size", "entity_thresholds": {"isMaxStatic": false, "gaugeMax": 100, "isMinStatic": true, "gaugeMin": 0, "baseSeverityLabel": "info", "baseSeverityColorLight": "#E3F0F6", "renderBoundaryMax": 100, "baseSeverityValue": 1, "thresholdLevels": [], "baseSeverityColor": "#AED3E5", "renderBoundaryMin": 0, "metricField": "count"}, "aggregate_statop": "avg", "metric": {"metric_name": "", "metric_index": ""}, "is_entity_breakdown": true, "entity_id_fields": "host", "base_search_metric": "disk_queue_size", "entity_statop": "max", "source": "", "_owner": "nobody", "threshold_eval": "", "gap_severity_color": "#CCCCCC", "aggregate_thresholds_alert_enabled": false, "sec_grp": "default_itsi_security_group", "title": "Disk Queue - Pending Operations", "aggregate_thresholds_custom_alert_enabled": false, "alert_eval": "", "gap_severity_value": "-1", "alert_period": 1, "aggregate_eval": "", "base_search_id": "SAI-OS-Performance_nix_disk", "unit": "", "time_variate_thresholds": false, "search_occurrences": 1, "adaptive_thresholds_is_enabled": false, "adaptive_thresholding_training_window": "-7d", "metric_qualifier": "", "entity_alias_filtering_fields": "host", "gap_severity_color_light": "#EEEEEE", "alert_on": "both", "description": "", "urgency": "5", "gap_custom_alert_value": 0, "target": "", "search_buckets": "", "alert_lag": "30", "entity_breakdown_id_fields": "host_dev", "time_variate_thresholds_specification": {"policies": {"default_policy": {"entity_thresholds": {"isMaxStatic": false, "gaugeMax": 100, "isMinStatic": true, "gaugeMin": 0, "baseSeverityLabel": "normal", "baseSeverityColorLight": "#DCEFD7", "renderBoundaryMax": 100, "baseSeverityValue": 2, "thresholdLevels": [], "baseSeverityColor": "#99D18B", "renderBoundaryMin": 0, "metricField": "count"}, "time_blocks": [], "policy_type": "static", "aggregate_thresholds": {"isMaxStatic": false, "gaugeMax": 100, "isMinStatic": true, "gaugeMin": 0, "baseSeverityLabel": "normal", "baseSeverityColorLight": "#DCEFD7", "renderBoundaryMax": 100, "baseSeverityValue": 2, "thresholdLevels": [], "baseSeverityColor": "#99D18B", "renderBoundaryMin": 0, "metricField": "count"}, "title": "Default"}}}, "tz_offset": null, "aggregate_thresholds": {"isMaxStatic": false, "gaugeMax": 100, "isMinStatic": true, "gaugeMin": 0, "baseSeverityLabel": "info", "baseSeverityColorLight": "#E3F0F6", "renderBoundaryMax": 100, "baseSeverityValue": 1, "thresholdLevels": [], "baseSeverityColor": "#AED3E5", "renderBoundaryMin": 0, "metricField": "count"}, "gap_severity": "unknown", "search_alert_earliest": "1"}, {"threshold_field": "cpu_io_wait", "search_type": "shared_base", "kpi_threshold_template_id": "", "fill_gaps": "null_value", "is_service_entity_filter": true, "aggregate_thresholds_custom_alert_rules": [], "base_search": "*", "_key": "nix_cpu_io_wait", "entity_thresholds": {"isMaxStatic": true, "gaugeMax": 100, "isMinStatic": true, "gaugeMin": 0, "baseSeverityLabel": "normal", "baseSeverityColorLight": "#DCEFD7", "renderBoundaryMax": 100, "baseSeverityValue": 2, "thresholdLevels": [{"severityColor": "#FFE98C", "thresholdValue": 10, "severityValue": 3, "severityColorLight": "#FFF4C5", "dynamicParam": 0, "severityLabel": "low"}, {"severityColor": "#FCB64E", "thresholdValue": 20, "severityValue": 4, "severityColorLight": "#FEE6C1", "dynamicParam": 0, "severityLabel": "medium"}], "baseSeverityColor": "#99D18B", "renderBoundaryMin": 0, "metricField": "count"}, "aggregate_statop": "avg", "metric": {"metric_name": "", "metric_index": ""}, "is_entity_breakdown": true, "entity_id_fields": "host", "base_search_metric": "cpu_io_wait", "entity_statop": "avg", "source": "", "_owner": "nobody", "threshold_eval": "", "gap_severity_color": "#CCCCCC", "aggregate_thresholds_alert_enabled": false, "sec_grp": "default_itsi_security_group", "title": "IO Wait %", "aggregate_thresholds_custom_alert_enabled": false, "alert_eval": "", "gap_severity_value": "-1", "alert_period": 1, "aggregate_eval": "", "base_search_id": "SAI-OS-Performance_nix", "unit": "%", "time_variate_thresholds": false, "search_occurrences": 1, "adaptive_thresholds_is_enabled": false, "adaptive_thresholding_training_window": "-7d", "metric_qualifier": "", "entity_alias_filtering_fields": "host", "gap_severity_color_light": "#EEEEEE", "alert_on": "both", "description": "Percentage of time the CPU has waited for disk operations to complete", "urgency": "5", "gap_custom_alert_value": 0, "target": "", "search_buckets": "", "alert_lag": "30", "entity_breakdown_id_fields": "host", "time_variate_thresholds_specification": {"policies": {"default_policy": {"entity_thresholds": {"isMaxStatic": false, "gaugeMax": 100, "isMinStatic": true, "gaugeMin": 0, "baseSeverityLabel": "normal", "baseSeverityColorLight": "#DCEFD7", "renderBoundaryMax": 100, "baseSeverityValue": 2, "thresholdLevels": [], "baseSeverityColor": "#99D18B", "renderBoundaryMin": 0, "metricField": "count"}, "time_blocks": [], "policy_type": "static", "aggregate_thresholds": {"isMaxStatic": false, "gaugeMax": 100, "isMinStatic": true, "gaugeMin": 0, "baseSeverityLabel": "normal", "baseSeverityColorLight": "#DCEFD7", "renderBoundaryMax": 100, "baseSeverityValue": 2, "thresholdLevels": [], "baseSeverityColor": "#99D18B", "renderBoundaryMin": 0, "metricField": "count"}, "title": "Default"}}}, "tz_offset": null, "aggregate_thresholds": {"isMaxStatic": true, "gaugeMax": 100, "isMinStatic": true, "gaugeMin": 0, "baseSeverityLabel": "normal", "baseSeverityColorLight": "#DCEFD7", "renderBoundaryMax": 100, "baseSeverityValue": 2, "thresholdLevels": [{"severityColor": "#FFE98C", "thresholdValue": 10, "severityValue": 3, "severityColorLight": "#FFF4C5", "dynamicParam": 0, "severityLabel": "low"}, {"severityColor": "#FCB64E", "thresholdValue": 20, "severityValue": 4, "severityColorLight": "#FEE6C1", "dynamicParam": 0, "severityLabel": "medium"}], "baseSeverityColor": "#99D18B", "renderBoundaryMin": 0, "metricField": "count"}, "gap_severity": "unknown", "search_alert_earliest": "1"}, {"threshold_field": "1m_system_load", "search_type": "shared_base", "adaptive_thresholds_is_enabled": false, "fill_gaps": "null_value", "is_service_entity_filter": true, "aggregate_thresholds_custom_alert_rules": [], "base_search": "*", "_key": "nix_1m_system_load", "entity_thresholds": {"isMaxStatic": false, "gaugeMax": 137.5, "isMinStatic": true, "gaugeMin": 0, "baseSeverityLabel": "normal", "baseSeverityColorLight": "#DCEFD7", "renderBoundaryMax": 137.5, "baseSeverityValue": 2, "thresholdLevels": [{"severityColor": "#FFE98C", "thresholdValue": 50, "severityValue": 3, "severityColorLight": "#FFF4C5", "dynamicParam": 0, "severityLabel": "low"}, {"severityColor": "#FCB64E", "thresholdValue": 125, "severityValue": 4, "severityColorLight": "#FEE6C1", "dynamicParam": 0, "severityLabel": "medium"}], "baseSeverityColor": "#99D18B", "renderBoundaryMin": 0, "metricField": "count"}, "aggregate_statop": "avg", "metric": {"metric_name": "", "metric_index": ""}, "is_entity_breakdown": true, "entity_id_fields": "host", "base_search_metric": "1m_system_load", "entity_statop": "avg", "source": "", "_owner": "nobody", "threshold_eval": "", "gap_severity_color": "#CCCCCC", "aggregate_thresholds_alert_enabled": false, "sec_grp": "default_itsi_security_group", "title": "Load Ave - 1 minute", "aggregate_thresholds_custom_alert_enabled": false, "alert_eval": "", "gap_severity_value": "-1", "alert_period": 1, "aggregate_eval": "", "base_search_id": "SAI-OS-Performance_nix", "unit": "", "time_variate_thresholds": false, "search_occurrences": 1, "adaptive_thresholding_training_window": "-7d", "metric_qualifier": "", "gap_severity_color_light": "#EEEEEE", "alert_on": "both", "description": "", "kpi_threshold_template_id": "", "urgency": "5", "gap_custom_alert_value": 0, "target": "", "search_buckets": "", "alert_lag": "30", "entity_breakdown_id_fields": "host", "time_variate_thresholds_specification": {"policies": {"default_policy": {"entity_thresholds": {"isMaxStatic": false, "gaugeMax": 100, "isMinStatic": true, "gaugeMin": 0, "baseSeverityLabel": "normal", "baseSeverityColorLight": "#DCEFD7", "renderBoundaryMax": 100, "baseSeverityValue": 2, "thresholdLevels": [], "baseSeverityColor": "#99D18B", "renderBoundaryMin": 0, "metricField": "count"}, "time_blocks": [], "policy_type": "static", "aggregate_thresholds": {"isMaxStatic": false, "gaugeMax": 100, "isMinStatic": true, "gaugeMin": 0, "baseSeverityLabel": "normal", "baseSeverityColorLight": "#DCEFD7", "renderBoundaryMax": 100, "baseSeverityValue": 2, "thresholdLevels": [], "baseSeverityColor": "#99D18B", "renderBoundaryMin": 0, "metricField": "count"}, "title": "Default"}}}, "tz_offset": null, "aggregate_thresholds": {"isMaxStatic": false, "gaugeMax": 137.5, "isMinStatic": true, "gaugeMin": 0, "baseSeverityLabel": "normal", "baseSeverityColorLight": "#DCEFD7", "renderBoundaryMax": 137.5, "baseSeverityValue": 2, "thresholdLevels": [{"severityColor": "#FFE98C", "thresholdValue": 50, "severityValue": 3, "severityColorLight": "#FFF4C5", "dynamicParam": 0, "severityLabel": "low"}, {"severityColor": "#FCB64E", "thresholdValue": 125, "severityValue": 4, "severityColorLight": "#FEE6C1", "dynamicParam": 0, "severityLabel": "medium"}], "baseSeverityColor": "#99D18B", "renderBoundaryMin": 0, "metricField": "count"}, "gap_severity": "unknown", "search_alert_earliest": "1"}, {"threshold_field": "15m_system_load", "search_type": "shared_base", "kpi_threshold_template_id": "", "fill_gaps": "null_value", "is_service_entity_filter": true, "aggregate_thresholds_custom_alert_rules": [], "base_search": "*", "_key": "nix_15m_system_load", "entity_thresholds": {"isMaxStatic": false, "gaugeMax": 110, "isMinStatic": true, "gaugeMin": 0, "baseSeverityLabel": "normal", "baseSeverityColorLight": "#DCEFD7", "renderBoundaryMax": 110, "baseSeverityValue": 2, "thresholdLevels": [{"severityColor": "#FFE98C", "thresholdValue": 50, "severityValue": 3, "severityColorLight": "#FFF4C5", "dynamicParam": 0, "severityLabel": "low"}, {"severityColor": "#FCB64E", "thresholdValue": 100, "severityValue": 4, "severityColorLight": "#FEE6C1", "dynamicParam": 0, "severityLabel": "medium"}], "baseSeverityColor": "#99D18B", "renderBoundaryMin": 0, "metricField": "15m_system_load"}, "aggregate_statop": "avg", "metric": {"metric_name": "", "metric_index": ""}, "is_entity_breakdown": true, "entity_id_fields": "host", "base_search_metric": "15m_system_load", "entity_statop": "avg", "source": "", "_owner": "nobody", "threshold_eval": "", "gap_severity_color": "#CCCCCC", "aggregate_thresholds_alert_enabled": false, "sec_grp": "default_itsi_security_group", "title": "Load Ave - 15 minute", "aggregate_thresholds_custom_alert_enabled": false, "alert_eval": "", "gap_severity_value": "-1", "alert_period": 1, "aggregate_eval": "", "base_search_id": "SAI-OS-Performance_nix", "unit": "", "time_variate_thresholds": false, "search_occurrences": 1, "adaptive_thresholds_is_enabled": false, "adaptive_thresholding_training_window": "-7d", "metric_qualifier": "", "entity_alias_filtering_fields": "host", "gap_severity_color_light": "#EEEEEE", "alert_on": "both", "description": "", "urgency": "5", "gap_custom_alert_value": 0, "target": "", "search_buckets": "", "alert_lag": "30", "entity_breakdown_id_fields": "host", "time_variate_thresholds_specification": {"policies": {"default_policy": {"entity_thresholds": {"isMaxStatic": false, "gaugeMax": 100, "isMinStatic": true, "gaugeMin": 0, "baseSeverityLabel": "normal", "baseSeverityColorLight": "#DCEFD7", "renderBoundaryMax": 100, "baseSeverityValue": 2, "thresholdLevels": [], "baseSeverityColor": "#99D18B", "renderBoundaryMin": 0, "metricField": "count"}, "time_blocks": [], "policy_type": "static", "aggregate_thresholds": {"isMaxStatic": false, "gaugeMax": 100, "isMinStatic": true, "gaugeMin": 0, "baseSeverityLabel": "normal", "baseSeverityColorLight": "#DCEFD7", "renderBoundaryMax": 100, "baseSeverityValue": 2, "thresholdLevels": [], "baseSeverityColor": "#99D18B", "renderBoundaryMin": 0, "metricField": "count"}, "title": "Default"}}}, "tz_offset": null, "aggregate_thresholds": {"isMaxStatic": false, "gaugeMax": 110, "isMinStatic": true, "gaugeMin": 0, "baseSeverityLabel": "normal", "baseSeverityColorLight": "#DCEFD7", "renderBoundaryMax": 110, "baseSeverityValue": 2, "thresholdLevels": [{"severityColor": "#FFE98C", "thresholdValue": 50, "severityValue": 3, "severityColorLight": "#FFF4C5", "dynamicParam": 0, "severityLabel": "low"}, {"severityColor": "#FCB64E", "thresholdValue": 100, "severityValue": 4, "severityColorLight": "#FEE6C1", "dynamicParam": 0, "severityLabel": "medium"}], "baseSeverityColor": "#99D18B", "renderBoundaryMin": 0, "metricField": "15m_system_load"}, "gap_severity": "unknown", "search_alert_earliest": "1"}, {"threshold_field": "5m_system_load", "search_type": "shared_base", "kpi_threshold_template_id": "", "fill_gaps": "null_value", "is_service_entity_filter": true, "aggregate_thresholds_custom_alert_rules": [], "base_search": "*", "_key": "nix_5m_system_load", "entity_thresholds": {"isMaxStatic": false, "gaugeMax": 110, "isMinStatic": true, "gaugeMin": 0, "baseSeverityLabel": "normal", "baseSeverityColorLight": "#DCEFD7", "renderBoundaryMax": 110, "baseSeverityValue": 2, "thresholdLevels": [{"severityColor": "#FFE98C", "thresholdValue": 30, "severityValue": 3, "severityColorLight": "#FFF4C5", "dynamicParam": 0, "severityLabel": "low"}, {"severityColor": "#FCB64E", "thresholdValue": 100, "severityValue": 4, "severityColorLight": "#FEE6C1", "dynamicParam": 0, "severityLabel": "medium"}], "baseSeverityColor": "#99D18B", "renderBoundaryMin": 0, "metricField": "5m_system_load"}, "aggregate_statop": "avg", "metric": {"metric_name": "", "metric_index": ""}, "is_entity_breakdown": true, "entity_id_fields": "host", "base_search_metric": "5m_system_load", "entity_statop": "avg", "source": "", "_owner": "nobody", "threshold_eval": "", "gap_severity_color": "#CCCCCC", "aggregate_thresholds_alert_enabled": false, "sec_grp": "default_itsi_security_group", "title": "Load Ave - 5 minute", "aggregate_thresholds_custom_alert_enabled": false, "alert_eval": "", "gap_severity_value": "-1", "alert_period": 1, "aggregate_eval": "", "base_search_id": "SAI-OS-Performance_nix", "unit": "", "time_variate_thresholds": false, "search_occurrences": 1, "adaptive_thresholds_is_enabled": false, "adaptive_thresholding_training_window": "-7d", "metric_qualifier": "", "entity_alias_filtering_fields": "host", "gap_severity_color_light": "#EEEEEE", "alert_on": "both", "description": "", "urgency": "5", "gap_custom_alert_value": 0, "target": "", "search_buckets": "", "alert_lag": "30", "entity_breakdown_id_fields": "host", "time_variate_thresholds_specification": {"policies": {"default_policy": {"entity_thresholds": {"isMaxStatic": false, "gaugeMax": 100, "isMinStatic": true, "gaugeMin": 0, "baseSeverityLabel": "normal", "baseSeverityColorLight": "#DCEFD7", "renderBoundaryMax": 100, "baseSeverityValue": 2, "thresholdLevels": [], "baseSeverityColor": "#99D18B", "renderBoundaryMin": 0, "metricField": "count"}, "time_blocks": [], "policy_type": "static", "aggregate_thresholds": {"isMaxStatic": false, "gaugeMax": 100, "isMinStatic": true, "gaugeMin": 0, "baseSeverityLabel": "normal", "baseSeverityColorLight": "#DCEFD7", "renderBoundaryMax": 100, "baseSeverityValue": 2, "thresholdLevels": [], "baseSeverityColor": "#99D18B", "renderBoundaryMin": 0, "metricField": "count"}, "title": "Default"}}}, "tz_offset": null, "aggregate_thresholds": {"isMaxStatic": false, "gaugeMax": 110, "isMinStatic": true, "gaugeMin": 0, "baseSeverityLabel": "normal", "baseSeverityColorLight": "#DCEFD7", "renderBoundaryMax": 110, "baseSeverityValue": 2, "thresholdLevels": [{"severityColor": "#FFE98C", "thresholdValue": 30, "severityValue": 3, "severityColorLight": "#FFF4C5", "dynamicParam": 0, "severityLabel": "low"}, {"severityColor": "#FCB64E", "thresholdValue": 100, "severityValue": 4, "severityColorLight": "#FEE6C1", "dynamicParam": 0, "severityLabel": "medium"}], "baseSeverityColor": "#99D18B", "renderBoundaryMin": 0, "metricField": "5m_system_load"}, "gap_severity": "unknown", "search_alert_earliest": "1"}, {"threshold_field": "network_mbs_total", "search_type": "shared_base", "kpi_threshold_template_id": "", "fill_gaps": "null_value", "is_service_entity_filter": true, "aggregate_thresholds_custom_alert_rules": [], "base_search": "*", "_key": "nix_network_mbs_total", "entity_thresholds": {"isMaxStatic": false, "gaugeMax": null, "isMinStatic": true, "gaugeMin": 0, "baseSeverityLabel": "info", "baseSeverityColorLight": "#E3F0F6", "renderBoundaryMax": 0.29933848310255473, "baseSeverityValue": 1, "thresholdLevels": [], "baseSeverityColor": "#AED3E5", "renderBoundaryMin": 0, "metricField": "count"}, "aggregate_statop": "avg", "metric": {"metric_name": "", "metric_index": ""}, "is_entity_breakdown": true, "entity_id_fields": "host", "base_search_metric": "network_mbs_total", "entity_statop": "avg", "source": "", "_owner": "nobody", "threshold_eval": "", "gap_severity_color": "#CCCCCC", "aggregate_thresholds_alert_enabled": false, "sec_grp": "default_itsi_security_group", "title": "Network Bandwidth MB/s", "aggregate_thresholds_custom_alert_enabled": false, "alert_eval": "", "gap_severity_value": "-1", "alert_period": 1, "aggregate_eval": "", "base_search_id": "SAI-OS-Performance_nix_network", "unit": "MB/s", "time_variate_thresholds": false, "search_occurrences": 1, "adaptive_thresholds_is_enabled": false, "adaptive_thresholding_training_window": "-7d", "metric_qualifier": "", "entity_alias_filtering_fields": "host", "gap_severity_color_light": "#EEEEEE", "alert_on": "both", "description": "", "urgency": "5", "gap_custom_alert_value": 0, "target": "", "search_buckets": "", "alert_lag": "30", "entity_breakdown_id_fields": "host_dev", "time_variate_thresholds_specification": {"policies": {"default_policy": {"entity_thresholds": {"isMaxStatic": false, "gaugeMax": 100, "isMinStatic": true, "gaugeMin": 0, "baseSeverityLabel": "normal", "baseSeverityColorLight": "#DCEFD7", "renderBoundaryMax": 100, "baseSeverityValue": 2, "thresholdLevels": [], "baseSeverityColor": "#99D18B", "renderBoundaryMin": 0, "metricField": "count"}, "time_blocks": [], "policy_type": "static", "aggregate_thresholds": {"isMaxStatic": false, "gaugeMax": 100, "isMinStatic": true, "gaugeMin": 0, "baseSeverityLabel": "normal", "baseSeverityColorLight": "#DCEFD7", "renderBoundaryMax": 100, "baseSeverityValue": 2, "thresholdLevels": [], "baseSeverityColor": "#99D18B", "renderBoundaryMin": 0, "metricField": "count"}, "title": "Default"}}}, "tz_offset": null, "aggregate_thresholds": {"isMaxStatic": false, "gaugeMax": 0, "isMinStatic": true, "gaugeMin": 0, "baseSeverityLabel": "info", "baseSeverityColorLight": "#E3F0F6", "renderBoundaryMax": 0.29933848310255473, "baseSeverityValue": 1, "thresholdLevels": [], "baseSeverityColor": "#AED3E5", "renderBoundaryMin": 0, "metricField": "count"}, "gap_severity": "unknown", "search_alert_earliest": "1"}, {"threshold_field": "network_errors_total", "search_type": "shared_base", "kpi_threshold_template_id": "", "fill_gaps": "null_value", "is_service_entity_filter": true, "aggregate_thresholds_custom_alert_rules": [], "base_search": "*", "_key": "nix_network_errors_total", "entity_thresholds": {"isMaxStatic": false, "gaugeMax": null, "isMinStatic": true, "gaugeMin": 0, "baseSeverityLabel": "info", "baseSeverityColorLight": "#E3F0F6", "renderBoundaryMax": 0, "baseSeverityValue": 1, "thresholdLevels": [], "baseSeverityColor": "#AED3E5", "renderBoundaryMin": 0, "metricField": "count"}, "aggregate_statop": "avg", "metric": {"metric_name": "", "metric_index": ""}, "is_entity_breakdown": true, "entity_id_fields": "host", "base_search_metric": "network_errors_total", "entity_statop": "avg", "source": "", "_owner": "nobody", "threshold_eval": "", "gap_severity_color": "#CCCCCC", "aggregate_thresholds_alert_enabled": false, "sec_grp": "default_itsi_security_group", "title": "Network Errors", "aggregate_thresholds_custom_alert_enabled": false, "alert_eval": "", "gap_severity_value": "-1", "alert_period": 1, "aggregate_eval": "", "base_search_id": "SAI-OS-Performance_nix_network", "unit": "", "time_variate_thresholds": false, "search_occurrences": 1, "adaptive_thresholds_is_enabled": false, "adaptive_thresholding_training_window": "-7d", "metric_qualifier": "", "entity_alias_filtering_fields": "host", "gap_severity_color_light": "#EEEEEE", "alert_on": "both", "description": "Total network errors for both rx and tx operations", "urgency": "5", "gap_custom_alert_value": 0, "target": "", "search_buckets": "", "alert_lag": "30", "entity_breakdown_id_fields": "host_dev", "time_variate_thresholds_specification": {"policies": {"default_policy": {"entity_thresholds": {"isMaxStatic": false, "gaugeMax": 100, "isMinStatic": true, "gaugeMin": 0, "baseSeverityLabel": "normal", "baseSeverityColorLight": "#DCEFD7", "renderBoundaryMax": 100, "baseSeverityValue": 2, "thresholdLevels": [], "baseSeverityColor": "#99D18B", "renderBoundaryMin": 0, "metricField": "count"}, "time_blocks": [], "policy_type": "static", "aggregate_thresholds": {"isMaxStatic": false, "gaugeMax": 100, "isMinStatic": true, "gaugeMin": 0, "baseSeverityLabel": "normal", "baseSeverityColorLight": "#DCEFD7", "renderBoundaryMax": 100, "baseSeverityValue": 2, "thresholdLevels": [], "baseSeverityColor": "#99D18B", "renderBoundaryMin": 0, "metricField": "count"}, "title": "Default"}}}, "tz_offset": null, "aggregate_thresholds": {"isMaxStatic": false, "gaugeMax": 100, "isMinStatic": true, "gaugeMin": 0, "baseSeverityLabel": "info", "baseSeverityColorLight": "#E3F0F6", "renderBoundaryMax": 100, "baseSeverityValue": 1, "thresholdLevels": [], "baseSeverityColor": "#AED3E5", "renderBoundaryMin": 0, "metricField": "count"}, "gap_severity": "unknown", "search_alert_earliest": "1"}, {"threshold_field": "network_packets_dropped_perc", "search_type": "shared_base", "kpi_threshold_template_id": "", "fill_gaps": "custom_value", "is_service_entity_filter": true, "aggregate_thresholds_custom_alert_rules": [], "base_search": "*", "_key": "nix_network_packets_dropped_perc", "entity_thresholds": {"isMaxStatic": true, "gaugeMax": 100, "isMinStatic": true, "gaugeMin": 0, "baseSeverityLabel": "normal", "baseSeverityColorLight": "#DCEFD7", "renderBoundaryMax": 100, "baseSeverityValue": 2, "thresholdLevels": [{"severityColor": "#FFE98C", "thresholdValue": 5, "severityValue": 3, "severityColorLight": "#FFF4C5", "dynamicParam": 0, "severityLabel": "low"}, {"severityColor": "#FCB64E", "thresholdValue": 10, "severityValue": 4, "severityColorLight": "#FEE6C1", "dynamicParam": 0, "severityLabel": "medium"}], "baseSeverityColor": "#99D18B", "renderBoundaryMin": 0, "metricField": "count"}, "aggregate_statop": "avg", "metric": {"metric_name": "", "metric_index": ""}, "is_entity_breakdown": true, "entity_id_fields": "host", "base_search_metric": "network_packets_dropped_perc", "entity_statop": "avg", "source": "", "_owner": "nobody", "threshold_eval": "", "gap_severity_color": "#CCCCCC", "aggregate_thresholds_alert_enabled": false, "sec_grp": "default_itsi_security_group", "title": "Network Packet Drop %", "aggregate_thresholds_custom_alert_enabled": false, "alert_eval": "", "gap_severity_value": "-1", "alert_period": 1, "aggregate_eval": "", "base_search_id": "SAI-OS-Performance_nix_network", "unit": "%", "time_variate_thresholds": false, "search_occurrences": 1, "adaptive_thresholds_is_enabled": false, "adaptive_thresholding_training_window": "-7d", "metric_qualifier": "", "entity_alias_filtering_fields": "host", "gap_severity_color_light": "#EEEEEE", "alert_on": "both", "description": "Percent of total packets I/O that were dropped", "urgency": "5", "gap_custom_alert_value": 0, "target": "", "search_buckets": "", "alert_lag": "30", "entity_breakdown_id_fields": "host_dev", "time_variate_thresholds_specification": {"policies": {"default_policy": {"entity_thresholds": {"isMaxStatic": false, "gaugeMax": 100, "isMinStatic": true, "gaugeMin": 0, "baseSeverityLabel": "normal", "baseSeverityColorLight": "#DCEFD7", "renderBoundaryMax": 100, "baseSeverityValue": 2, "thresholdLevels": [], "baseSeverityColor": "#99D18B", "renderBoundaryMin": 0, "metricField": "count"}, "time_blocks": [], "policy_type": "static", "aggregate_thresholds": {"isMaxStatic": false, "gaugeMax": 100, "isMinStatic": true, "gaugeMin": 0, "baseSeverityLabel": "normal", "baseSeverityColorLight": "#DCEFD7", "renderBoundaryMax": 100, "baseSeverityValue": 2, "thresholdLevels": [], "baseSeverityColor": "#99D18B", "renderBoundaryMin": 0, "metricField": "count"}, "title": "Default"}}}, "tz_offset": null, "aggregate_thresholds": {"isMaxStatic": true, "gaugeMax": 100, "isMinStatic": true, "gaugeMin": 0, "baseSeverityLabel": "normal", "baseSeverityColorLight": "#DCEFD7", "renderBoundaryMax": 100, "baseSeverityValue": 2, "thresholdLevels": [{"severityColor": "#FFE98C", "thresholdValue": 5, "severityValue": 3, "severityColorLight": "#FFF4C5", "dynamicParam": 0, "severityLabel": "low"}, {"severityColor": "#FCB64E", "thresholdValue": 10, "severityValue": 4, "severityColorLight": "#FEE6C1", "dynamicParam": 0, "severityLabel": "medium"}], "baseSeverityColor": "#99D18B", "renderBoundaryMin": 0, "metricField": "count"}, "gap_severity": "unknown", "search_alert_earliest": "1"}, {"threshold_field": "df_used", "search_type": "shared_base", "kpi_threshold_template_id": "", "fill_gaps": "null_value", "is_service_entity_filter": true, "aggregate_thresholds_custom_alert_rules": [], "base_search": "*", "_key": "nix_df_used", "entity_thresholds": {"isMaxStatic": true, "gaugeMax": 100, "isMinStatic": true, "gaugeMin": 0, "baseSeverityLabel": "normal", "baseSeverityColorLight": "#DCEFD7", "renderBoundaryMax": 100, "baseSeverityValue": 2, "thresholdLevels": [{"severityColor": "#FFE98C", "thresholdValue": 75, "severityValue": 3, "severityColorLight": "#FFF4C5", "dynamicParam": 0, "severityLabel": "low"}, {"severityColor": "#FCB64E", "thresholdValue": 90, "severityValue": 4, "severityColorLight": "#FEE6C1", "dynamicParam": 0, "severityLabel": "medium"}], "baseSeverityColor": "#99D18B", "renderBoundaryMin": 0, "metricField": "count"}, "aggregate_statop": "max", "metric": {"metric_name": "", "metric_index": ""}, "is_entity_breakdown": true, "entity_id_fields": "host", "base_search_metric": "df_used", "entity_statop": "max", "source": "", "_owner": "nobody", "threshold_eval": "", "gap_severity_color": "#CCCCCC", "aggregate_thresholds_alert_enabled": false, "sec_grp": "default_itsi_security_group", "title": "Storage Used %", "aggregate_thresholds_custom_alert_enabled": false, "alert_eval": "", "gap_severity_value": "-1", "alert_period": 1, "aggregate_eval": "", "base_search_id": "SAI-OS-Performance_nix_disk_device", "unit": "%", "time_variate_thresholds": false, "search_occurrences": 1, "adaptive_thresholds_is_enabled": false, "adaptive_thresholding_training_window": "-7d", "metric_qualifier": "", "entity_alias_filtering_fields": "host", "gap_severity_color_light": "#EEEEEE", "alert_on": "both", "description": "", "urgency": "5", "gap_custom_alert_value": 0, "target": "", "search_buckets": "", "alert_lag": "30", "entity_breakdown_id_fields": "host_dev", "time_variate_thresholds_specification": {"policies": {"default_policy": {"entity_thresholds": {"isMaxStatic": false, "gaugeMax": 100, "isMinStatic": true, "gaugeMin": 0, "baseSeverityLabel": "normal", "baseSeverityColorLight": "#DCEFD7", "renderBoundaryMax": 100, "baseSeverityValue": 2, "thresholdLevels": [], "baseSeverityColor": "#99D18B", "renderBoundaryMin": 0, "metricField": "count"}, "time_blocks": [], "policy_type": "static", "aggregate_thresholds": {"isMaxStatic": false, "gaugeMax": 100, "isMinStatic": true, "gaugeMin": 0, "baseSeverityLabel": "normal", "baseSeverityColorLight": "#DCEFD7", "renderBoundaryMax": 100, "baseSeverityValue": 2, "thresholdLevels": [], "baseSeverityColor": "#99D18B", "renderBoundaryMin": 0, "metricField": "count"}, "title": "Default"}}}, "tz_offset": null, "aggregate_thresholds": {"isMaxStatic": true, "gaugeMax": 100, "isMinStatic": true, "gaugeMin": 0, "baseSeverityLabel": "normal", "baseSeverityColorLight": "#DCEFD7", "renderBoundaryMax": 100, "baseSeverityValue": 2, "thresholdLevels": [{"severityColor": "#FFE98C", "thresholdValue": 75, "severityValue": 3, "severityColorLight": "#FFF4C5", "dynamicParam": 0, "severityLabel": "low"}, {"severityColor": "#FCB64E", "thresholdValue": 90, "severityValue": 4, "severityColorLight": "#FEE6C1", "dynamicParam": 0, "severityLabel": "medium"}], "baseSeverityColor": "#99D18B", "renderBoundaryMin": 0, "metricField": "count"}, "gap_severity": "unknown", "search_alert_earliest": "1"}], "mod_timestamp": "2019-11-11T15:42:44.980847+00:00", "_key": "SAI-Nix_Service_Template", "entity_rules": [{"rule_items": [{"field": "itsi_role", "value": "SAI", "field_type": "info", "rule_type": "matches"}, {"field": "os", "value": "Microsoft*", "field_type": "info", "rule_type": "not"}, {"field": "host", "value": "CHANGEME", "field_type": "alias", "rule_type": "matches"}], "rule_condition": "AND"}], "sec_grp": "default_itsi_security_group", "title": "OS KPIs - *nix (SAI)", "identifying_name": "os kpis - *nix (sai)", "sync_status": "synced", "_user": "nobody", "_immutable": true, "object_type": "base_service_template", "_owner": "nobody"}, {"description": "A service template that contains out-of-box KPIs for Windows based services imported from SAI.", "total_linked_services": 0, "permissions": {"user": "nobody", "group": {"delete": true, "read": true, "write": true}, "delete": true, "read": true, "write": true}, "mod_source": "REST", "_version": "4.3.1", "linked_services": [], "kpis": [{"threshold_field": "physicaldisk_total_time", "search_type": "shared_base", "kpi_threshold_template_id": "", "fill_gaps": "null_value", "is_service_entity_filter": true, "aggregate_thresholds_custom_alert_rules": [], "base_search": "*", "_key": "windows_physicaldisk_total_time", "entity_thresholds": {"isMaxStatic": true, "gaugeMax": 100, "isMinStatic": true, "gaugeMin": 0, "baseSeverityLabel": "info", "baseSeverityColorLight": "#E3F0F6", "renderBoundaryMax": 100, "baseSeverityValue": 1, "thresholdLevels": [], "baseSeverityColor": "#AED3E5", "renderBoundaryMin": 0, "metricField": "count"}, "aggregate_statop": "avg", "metric": {"metric_name": "", "metric_index": ""}, "is_entity_breakdown": true, "entity_id_fields": "host", "base_search_metric": "physicaldisk_total_time", "entity_statop": "avg", "source": "", "_owner": "nobody", "threshold_eval": "", "gap_severity_color": "#CCCCCC", "aggregate_thresholds_alert_enabled": false, "sec_grp": "default_itsi_security_group", "title": "% Disk I/O Time", "aggregate_thresholds_custom_alert_enabled": false, "alert_eval": "", "gap_severity_value": "-1", "alert_period": 1, "aggregate_eval": "", "base_search_id": "SAI-OS-Performance_Windows_Instance", "unit": "%", "time_variate_thresholds": false, "search_occurrences": 1, "adaptive_thresholds_is_enabled": false, "adaptive_thresholding_training_window": "-7d", "metric_qualifier": "", "entity_alias_filtering_fields": "host", "gap_severity_color_light": "#EEEEEE", "alert_on": "both", "description": "Percent of time reading and writing to/from disk", "urgency": "5", "gap_custom_alert_value": 0, "target": "", "search_buckets": "", "alert_lag": "30", "entity_breakdown_id_fields": "host_dev", "time_variate_thresholds_specification": {"policies": {"default_policy": {"entity_thresholds": {"isMaxStatic": false, "gaugeMax": 100, "isMinStatic": true, "gaugeMin": 0, "baseSeverityLabel": "normal", "baseSeverityColorLight": "#DCEFD7", "renderBoundaryMax": 100, "baseSeverityValue": 2, "thresholdLevels": [], "baseSeverityColor": "#99D18B", "renderBoundaryMin": 0, "metricField": "count"}, "time_blocks": [], "policy_type": "static", "aggregate_thresholds": {"isMaxStatic": false, "gaugeMax": 100, "isMinStatic": true, "gaugeMin": 0, "baseSeverityLabel": "normal", "baseSeverityColorLight": "#DCEFD7", "renderBoundaryMax": 100, "baseSeverityValue": 2, "thresholdLevels": [], "baseSeverityColor": "#99D18B", "renderBoundaryMin": 0, "metricField": "count"}, "title": "Default"}}}, "tz_offset": null, "aggregate_thresholds": {"isMaxStatic": true, "gaugeMax": 100, "isMinStatic": true, "gaugeMin": 0, "baseSeverityLabel": "info", "baseSeverityColorLight": "#E3F0F6", "renderBoundaryMax": 100, "baseSeverityValue": 1, "thresholdLevels": [], "baseSeverityColor": "#AED3E5", "renderBoundaryMin": 0, "metricField": "count"}, "gap_severity": "unknown", "search_alert_earliest": "1"}, {"threshold_field": "logicaldisk_free_space", "search_type": "shared_base", "kpi_threshold_template_id": "", "fill_gaps": "null_value", "is_service_entity_filter": true, "aggregate_thresholds_custom_alert_rules": [], "base_search": "*", "_key": "windows_logicaldisk_free_space", "entity_thresholds": {"isMaxStatic": true, "gaugeMax": 100, "isMinStatic": true, "gaugeMin": 0, "baseSeverityLabel": "medium", "baseSeverityColorLight": "#FEE6C1", "renderBoundaryMax": 100, "baseSeverityValue": 4, "thresholdLevels": [{"severityColor": "#FFE98C", "thresholdValue": 10, "severityValue": 3, "severityColorLight": "#FFF4C5", "dynamicParam": 0, "severityLabel": "low"}, {"severityColor": "#99D18B", "thresholdValue": 25, "severityValue": 2, "severityColorLight": "#DCEFD7", "dynamicParam": 0, "severityLabel": "normal"}], "baseSeverityColor": "#FCB64E", "renderBoundaryMin": 0, "metricField": "count"}, "aggregate_statop": "avg", "metric": {"metric_name": "", "metric_index": ""}, "is_entity_breakdown": true, "entity_id_fields": "host", "base_search_metric": "logicaldisk_free_space", "entity_statop": "avg", "source": "", "_owner": "nobody", "threshold_eval": "", "gap_severity_color": "#CCCCCC", "aggregate_thresholds_alert_enabled": false, "sec_grp": "default_itsi_security_group", "title": "% Free Disk Space", "aggregate_thresholds_custom_alert_enabled": false, "alert_eval": "", "gap_severity_value": "-1", "alert_period": 1, "aggregate_eval": "", "base_search_id": "SAI-OS-Performance_Windows_Instance", "unit": "%", "time_variate_thresholds": false, "search_occurrences": 1, "adaptive_thresholds_is_enabled": false, "adaptive_thresholding_training_window": "-7d", "metric_qualifier": "", "entity_alias_filtering_fields": "host", "gap_severity_color_light": "#EEEEEE", "alert_on": "both", "description": "Percentage of disk/storage space available on the host", "urgency": "5", "gap_custom_alert_value": 0, "target": "", "search_buckets": "", "alert_lag": "30", "entity_breakdown_id_fields": "host_dev", "time_variate_thresholds_specification": {"policies": {"default_policy": {"entity_thresholds": {"isMaxStatic": false, "gaugeMax": 100, "isMinStatic": true, "gaugeMin": 0, "baseSeverityLabel": "normal", "baseSeverityColorLight": "#DCEFD7", "renderBoundaryMax": 100, "baseSeverityValue": 2, "thresholdLevels": [], "baseSeverityColor": "#99D18B", "renderBoundaryMin": 0, "metricField": "count"}, "time_blocks": [], "policy_type": "static", "aggregate_thresholds": {"isMaxStatic": false, "gaugeMax": 100, "isMinStatic": true, "gaugeMin": 0, "baseSeverityLabel": "normal", "baseSeverityColorLight": "#DCEFD7", "renderBoundaryMax": 100, "baseSeverityValue": 2, "thresholdLevels": [], "baseSeverityColor": "#99D18B", "renderBoundaryMin": 0, "metricField": "count"}, "title": "Default"}}}, "tz_offset": null, "aggregate_thresholds": {"isMaxStatic": true, "gaugeMax": 100, "isMinStatic": true, "gaugeMin": 0, "baseSeverityLabel": "medium", "baseSeverityColorLight": "#FEE6C1", "renderBoundaryMax": 100, "baseSeverityValue": 4, "thresholdLevels": [{"severityColor": "#FFE98C", "thresholdValue": 10, "severityValue": 3, "severityColorLight": "#FFF4C5", "dynamicParam": 0, "severityLabel": "low"}, {"severityColor": "#99D18B", "thresholdValue": 20, "severityValue": 2, "severityColorLight": "#DCEFD7", "dynamicParam": 0, "severityLabel": "normal"}], "baseSeverityColor": "#FCB64E", "renderBoundaryMin": 0, "metricField": "count"}, "gap_severity": "unknown", "search_alert_earliest": "1"}, {"threshold_field": "pct_memory_in_use", "search_type": "shared_base", "kpi_threshold_template_id": "", "fill_gaps": "null_value", "is_service_entity_filter": true, "aggregate_thresholds_custom_alert_rules": [], "base_search": "*", "_key": "windows_memory_commited_bytes_in_use", "entity_thresholds": {"isMaxStatic": true, "gaugeMax": 100, "isMinStatic": true, "gaugeMin": 0, "baseSeverityLabel": "normal", "baseSeverityColorLight": "#DCEFD7", "renderBoundaryMax": 100, "baseSeverityValue": 2, "thresholdLevels": [{"severityColor": "#FFE98C", "thresholdValue": 80, "severityValue": 3, "severityColorLight": "#FFF4C5", "dynamicParam": 0, "severityLabel": "low"}, {"severityColor": "#FCB64E", "thresholdValue": 90, "severityValue": 4, "severityColorLight": "#FEE6C1", "dynamicParam": 0, "severityLabel": "medium"}], "baseSeverityColor": "#99D18B", "renderBoundaryMin": 0, "metricField": "pct_memory_in_use"}, "aggregate_statop": "avg", "metric": {"metric_name": "", "metric_index": ""}, "is_entity_breakdown": true, "entity_id_fields": "host", "base_search_metric": "memory_commited_bytes_in_use", "entity_statop": "avg", "source": "", "_owner": "nobody", "threshold_eval": "", "gap_severity_color": "#CCCCCC", "aggregate_thresholds_alert_enabled": false, "sec_grp": "default_itsi_security_group", "title": "% Memory Committed in Use", "aggregate_thresholds_custom_alert_enabled": false, "alert_eval": "", "gap_severity_value": "-1", "alert_period": 1, "aggregate_eval": "", "base_search_id": "SAI-OS-Performance_Windows", "unit": "%", "time_variate_thresholds": false, "search_occurrences": 1, "adaptive_thresholds_is_enabled": false, "adaptive_thresholding_training_window": "-7d", "metric_qualifier": "", "entity_alias_filtering_fields": "host", "gap_severity_color_light": "#EEEEEE", "alert_on": "both", "description": "% of bytes that have been allocated by processes, and to which the operating system has committed a RAM page frame or a page slot in the page file", "urgency": "5", "gap_custom_alert_value": 0, "target": "", "search_buckets": "", "alert_lag": "30", "entity_breakdown_id_fields": "host", "time_variate_thresholds_specification": {"policies": {"default_policy": {"entity_thresholds": {"isMaxStatic": false, "gaugeMax": 100, "isMinStatic": true, "gaugeMin": 0, "baseSeverityLabel": "normal", "baseSeverityColorLight": "#DCEFD7", "renderBoundaryMax": 100, "baseSeverityValue": 2, "thresholdLevels": [], "baseSeverityColor": "#99D18B", "renderBoundaryMin": 0, "metricField": "count"}, "time_blocks": [], "policy_type": "static", "aggregate_thresholds": {"isMaxStatic": false, "gaugeMax": 100, "isMinStatic": true, "gaugeMin": 0, "baseSeverityLabel": "normal", "baseSeverityColorLight": "#DCEFD7", "renderBoundaryMax": 100, "baseSeverityValue": 2, "thresholdLevels": [], "baseSeverityColor": "#99D18B", "renderBoundaryMin": 0, "metricField": "count"}, "title": "Default"}}}, "tz_offset": null, "aggregate_thresholds": {"isMaxStatic": true, "gaugeMax": 100, "isMinStatic": true, "gaugeMin": 0, "baseSeverityLabel": "normal", "baseSeverityColorLight": "#DCEFD7", "renderBoundaryMax": 100, "baseSeverityValue": 2, "thresholdLevels": [{"severityColor": "#FFE98C", "thresholdValue": 80, "severityValue": 3, "severityColorLight": "#FFF4C5", "dynamicParam": 0, "severityLabel": "low"}, {"severityColor": "#FCB64E", "thresholdValue": 90, "severityValue": 4, "severityColorLight": "#FEE6C1", "dynamicParam": 0, "severityLabel": "medium"}], "baseSeverityColor": "#99D18B", "renderBoundaryMin": 0, "metricField": "pct_memory_in_use"}, "gap_severity": "unknown", "search_alert_earliest": "1"}, {"threshold_field": "network_mbs_total_per_second", "search_type": "shared_base", "kpi_threshold_template_id": "", "fill_gaps": "null_value", "is_service_entity_filter": true, "aggregate_thresholds_custom_alert_rules": [], "base_search": "*", "_key": "windows_network_mbs_total_per_second", "entity_thresholds": {"isMaxStatic": false, "gaugeMax": 100, "isMinStatic": true, "gaugeMin": 0, "baseSeverityLabel": "info", "baseSeverityColorLight": "#E3F0F6", "renderBoundaryMax": 100, "baseSeverityValue": 1, "thresholdLevels": [], "baseSeverityColor": "#AED3E5", "renderBoundaryMin": 0, "metricField": "count"}, "aggregate_statop": "avg", "metric": {"metric_name": "", "metric_index": ""}, "is_entity_breakdown": true, "entity_id_fields": "host", "base_search_metric": "network_mbs_total_per_second", "entity_statop": "avg", "source": "", "_owner": "nobody", "threshold_eval": "", "gap_severity_color": "#CCCCCC", "aggregate_thresholds_alert_enabled": false, "sec_grp": "default_itsi_security_group", "title": "Network I/O MBs", "aggregate_thresholds_custom_alert_enabled": false, "alert_eval": "", "gap_severity_value": "-1", "alert_period": 1, "aggregate_eval": "", "base_search_id": "SAI-OS-Performance_Windows_Instance", "unit": "", "time_variate_thresholds": false, "search_occurrences": 1, "adaptive_thresholds_is_enabled": false, "adaptive_thresholding_training_window": "-7d", "metric_qualifier": "", "entity_alias_filtering_fields": "host", "gap_severity_color_light": "#EEEEEE", "alert_on": "both", "description": "Amount of megabytes received and sent across all network interfaces on the host per second", "urgency": "5", "gap_custom_alert_value": 0, "target": "", "search_buckets": "", "alert_lag": "30", "entity_breakdown_id_fields": "host_dev", "time_variate_thresholds_specification": {"policies": {"default_policy": {"entity_thresholds": {"isMaxStatic": false, "gaugeMax": 100, "isMinStatic": true, "gaugeMin": 0, "baseSeverityLabel": "normal", "baseSeverityColorLight": "#DCEFD7", "renderBoundaryMax": 100, "baseSeverityValue": 2, "thresholdLevels": [], "baseSeverityColor": "#99D18B", "renderBoundaryMin": 0, "metricField": "count"}, "time_blocks": [], "policy_type": "static", "aggregate_thresholds": {"isMaxStatic": false, "gaugeMax": 100, "isMinStatic": true, "gaugeMin": 0, "baseSeverityLabel": "normal", "baseSeverityColorLight": "#DCEFD7", "renderBoundaryMax": 100, "baseSeverityValue": 2, "thresholdLevels": [], "baseSeverityColor": "#99D18B", "renderBoundaryMin": 0, "metricField": "count"}, "title": "Default"}}}, "tz_offset": null, "aggregate_thresholds": {"isMaxStatic": false, "gaugeMax": 100, "isMinStatic": true, "gaugeMin": 0, "baseSeverityLabel": "info", "baseSeverityColorLight": "#E3F0F6", "renderBoundaryMax": 100, "baseSeverityValue": 1, "thresholdLevels": [], "baseSeverityColor": "#AED3E5", "renderBoundaryMin": 0, "metricField": "count"}, "gap_severity": "unknown", "search_alert_earliest": "1"}, {"threshold_field": "network_packets_total_per_second", "search_type": "shared_base", "kpi_threshold_template_id": "", "fill_gaps": "null_value", "is_service_entity_filter": true, "aggregate_thresholds_custom_alert_rules": [], "base_search": "*", "_key": "windows_network_packets_total_per_second", "entity_thresholds": {"isMaxStatic": false, "gaugeMax": 100, "isMinStatic": true, "gaugeMin": 0, "baseSeverityLabel": "info", "baseSeverityColorLight": "#E3F0F6", "renderBoundaryMax": 100, "baseSeverityValue": 1, "thresholdLevels": [], "baseSeverityColor": "#AED3E5", "renderBoundaryMin": 0, "metricField": "count"}, "aggregate_statop": "avg", "metric": {"metric_name": "", "metric_index": ""}, "is_entity_breakdown": true, "entity_id_fields": "host", "base_search_metric": "network_packets_total_per_second", "entity_statop": "avg", "source": "", "_owner": "nobody", "threshold_eval": "", "gap_severity_color": "#CCCCCC", "aggregate_thresholds_alert_enabled": false, "sec_grp": "default_itsi_security_group", "title": "Network I/O Packets per Second", "aggregate_thresholds_custom_alert_enabled": false, "alert_eval": "", "gap_severity_value": "-1", "alert_period": 1, "aggregate_eval": "", "base_search_id": "SAI-OS-Performance_Windows_Instance", "unit": "", "time_variate_thresholds": false, "search_occurrences": 1, "adaptive_thresholds_is_enabled": false, "adaptive_thresholding_training_window": "-7d", "metric_qualifier": "", "entity_alias_filtering_fields": "host", "gap_severity_color_light": "#EEEEEE", "alert_on": "both", "description": "Total number of packets sent and received across all network interfaces per second", "urgency": "5", "gap_custom_alert_value": 0, "target": "", "search_buckets": "", "alert_lag": "30", "entity_breakdown_id_fields": "host_dev", "time_variate_thresholds_specification": {"policies": {"default_policy": {"entity_thresholds": {"isMaxStatic": false, "gaugeMax": 100, "isMinStatic": true, "gaugeMin": 0, "baseSeverityLabel": "normal", "baseSeverityColorLight": "#DCEFD7", "renderBoundaryMax": 100, "baseSeverityValue": 2, "thresholdLevels": [], "baseSeverityColor": "#99D18B", "renderBoundaryMin": 0, "metricField": "count"}, "time_blocks": [], "policy_type": "static", "aggregate_thresholds": {"isMaxStatic": false, "gaugeMax": 100, "isMinStatic": true, "gaugeMin": 0, "baseSeverityLabel": "normal", "baseSeverityColorLight": "#DCEFD7", "renderBoundaryMax": 100, "baseSeverityValue": 2, "thresholdLevels": [], "baseSeverityColor": "#99D18B", "renderBoundaryMin": 0, "metricField": "count"}, "title": "Default"}}}, "tz_offset": null, "aggregate_thresholds": {"isMaxStatic": false, "gaugeMax": 100, "isMinStatic": true, "gaugeMin": 0, "baseSeverityLabel": "info", "baseSeverityColorLight": "#E3F0F6", "renderBoundaryMax": 100, "baseSeverityValue": 1, "thresholdLevels": [], "baseSeverityColor": "#AED3E5", "renderBoundaryMin": 0, "metricField": "count"}, "gap_severity": "unknown", "search_alert_earliest": "1"}, {"threshold_field": "processor_active_time", "search_type": "shared_base", "kpi_threshold_template_id": "", "fill_gaps": "null_value", "is_service_entity_filter": true, "aggregate_thresholds_custom_alert_rules": [], "base_search": "*", "_key": "windows_processor_active_time", "entity_thresholds": {"isMaxStatic": true, "gaugeMax": 100, "isMinStatic": true, "gaugeMin": 0, "baseSeverityLabel": "normal", "baseSeverityColorLight": "#DCEFD7", "renderBoundaryMax": 100, "baseSeverityValue": 2, "thresholdLevels": [{"severityColor": "#FFE98C", "thresholdValue": 90, "severityValue": 3, "severityColorLight": "#FFF4C5", "dynamicParam": 0, "severityLabel": "low"}, {"severityColor": "#FCB64E", "thresholdValue": 95, "severityValue": 4, "severityColorLight": "#FEE6C1", "dynamicParam": 0, "severityLabel": "medium"}], "baseSeverityColor": "#99D18B", "renderBoundaryMin": 0, "metricField": "count"}, "aggregate_statop": "avg", "metric": {"metric_name": "", "metric_index": ""}, "is_entity_breakdown": true, "entity_id_fields": "host", "base_search_metric": "processor_active_time", "entity_statop": "avg", "source": "", "_owner": "nobody", "threshold_eval": "", "gap_severity_color": "#CCCCCC", "aggregate_thresholds_alert_enabled": false, "sec_grp": "default_itsi_security_group", "title": "Processor Active Time %", "aggregate_thresholds_custom_alert_enabled": false, "alert_eval": "", "gap_severity_value": "-1", "alert_period": 1, "aggregate_eval": "", "base_search_id": "SAI-OS-Performance_Windows", "unit": "%", "time_variate_thresholds": false, "search_occurrences": 1, "adaptive_thresholds_is_enabled": false, "adaptive_thresholding_training_window": "-7d", "metric_qualifier": "", "entity_alias_filtering_fields": "host", "gap_severity_color_light": "#EEEEEE", "alert_on": "both", "description": "Percentage of time the processor has been in an active (non-idle) state", "urgency": "5", "gap_custom_alert_value": 0, "target": "", "search_buckets": "", "alert_lag": "30", "entity_breakdown_id_fields": "host", "time_variate_thresholds_specification": {"policies": {"default_policy": {"entity_thresholds": {"isMaxStatic": false, "gaugeMax": 100, "isMinStatic": true, "gaugeMin": 0, "baseSeverityLabel": "normal", "baseSeverityColorLight": "#DCEFD7", "renderBoundaryMax": 100, "baseSeverityValue": 2, "thresholdLevels": [], "baseSeverityColor": "#99D18B", "renderBoundaryMin": 0, "metricField": "count"}, "time_blocks": [], "policy_type": "static", "aggregate_thresholds": {"isMaxStatic": false, "gaugeMax": 100, "isMinStatic": true, "gaugeMin": 0, "baseSeverityLabel": "normal", "baseSeverityColorLight": "#DCEFD7", "renderBoundaryMax": 100, "baseSeverityValue": 2, "thresholdLevels": [], "baseSeverityColor": "#99D18B", "renderBoundaryMin": 0, "metricField": "count"}, "title": "Default"}}}, "tz_offset": null, "aggregate_thresholds": {"isMaxStatic": true, "gaugeMax": 100, "isMinStatic": true, "gaugeMin": 0, "baseSeverityLabel": "normal", "baseSeverityColorLight": "#DCEFD7", "renderBoundaryMax": 100, "baseSeverityValue": 2, "thresholdLevels": [{"severityColor": "#FFE98C", "thresholdValue": 90, "severityValue": 3, "severityColorLight": "#FFF4C5", "dynamicParam": 0, "severityLabel": "low"}, {"severityColor": "#FCB64E", "thresholdValue": 95, "severityValue": 4, "severityColorLight": "#FEE6C1", "dynamicParam": 0, "severityLabel": "medium"}], "baseSeverityColor": "#99D18B", "renderBoundaryMin": 0, "metricField": "count"}, "gap_severity": "unknown", "search_alert_earliest": "1"}, {"threshold_field": "system_processor_queue_length", "search_type": "shared_base", "kpi_threshold_template_id": "", "fill_gaps": "null_value", "is_service_entity_filter": true, "aggregate_thresholds_custom_alert_rules": [], "base_search": "*", "_key": "windows_system_processor_queue_length", "entity_thresholds": {"isMaxStatic": false, "gaugeMax": 35.2, "isMinStatic": true, "gaugeMin": 0, "baseSeverityLabel": "normal", "baseSeverityColorLight": "#DCEFD7", "renderBoundaryMax": 35.2, "baseSeverityValue": 2, "thresholdLevels": [{"severityColor": "#FFE98C", "thresholdValue": 16, "severityValue": 3, "severityColorLight": "#FFF4C5", "dynamicParam": 0, "severityLabel": "low"}, {"severityColor": "#FCB64E", "thresholdValue": 32, "severityValue": 4, "severityColorLight": "#FEE6C1", "dynamicParam": 0, "severityLabel": "medium"}], "baseSeverityColor": "#99D18B", "renderBoundaryMin": 0, "metricField": "system_processor_queue_length"}, "aggregate_statop": "avg", "metric": {"metric_name": "", "metric_index": ""}, "is_entity_breakdown": true, "entity_id_fields": "host", "base_search_metric": "system_processor_queue_length", "entity_statop": "avg", "source": "", "_owner": "nobody", "threshold_eval": "", "gap_severity_color": "#CCCCCC", "aggregate_thresholds_alert_enabled": false, "sec_grp": "default_itsi_security_group", "title": "Processor Queue Length", "aggregate_thresholds_custom_alert_enabled": false, "alert_eval": "", "gap_severity_value": "-1", "alert_period": 1, "aggregate_eval": "", "base_search_id": "SAI-OS-Performance_Windows", "unit": "%", "time_variate_thresholds": false, "search_occurrences": 1, "adaptive_thresholds_is_enabled": false, "adaptive_thresholding_training_window": "-7d", "metric_qualifier": "", "entity_alias_filtering_fields": "host", "gap_severity_color_light": "#EEEEEE", "alert_on": "both", "description": "Number of threads in the processor queue waiting for disk operations", "urgency": "5", "gap_custom_alert_value": 0, "target": "", "search_buckets": "", "alert_lag": "30", "entity_breakdown_id_fields": "host", "time_variate_thresholds_specification": {"policies": {"default_policy": {"entity_thresholds": {"isMaxStatic": false, "gaugeMax": 100, "isMinStatic": true, "gaugeMin": 0, "baseSeverityLabel": "normal", "baseSeverityColorLight": "#DCEFD7", "renderBoundaryMax": 100, "baseSeverityValue": 2, "thresholdLevels": [], "baseSeverityColor": "#99D18B", "renderBoundaryMin": 0, "metricField": "count"}, "time_blocks": [], "policy_type": "static", "aggregate_thresholds": {"isMaxStatic": false, "gaugeMax": 100, "isMinStatic": true, "gaugeMin": 0, "baseSeverityLabel": "normal", "baseSeverityColorLight": "#DCEFD7", "renderBoundaryMax": 100, "baseSeverityValue": 2, "thresholdLevels": [], "baseSeverityColor": "#99D18B", "renderBoundaryMin": 0, "metricField": "count"}, "title": "Default"}}}, "tz_offset": null, "aggregate_thresholds": {"isMaxStatic": false, "gaugeMax": 35.2, "isMinStatic": true, "gaugeMin": 0, "baseSeverityLabel": "normal", "baseSeverityColorLight": "#DCEFD7", "renderBoundaryMax": 35.2, "baseSeverityValue": 2, "thresholdLevels": [{"severityColor": "#FFE98C", "thresholdValue": 16, "severityValue": 3, "severityColorLight": "#FFF4C5", "dynamicParam": 0, "severityLabel": "low"}, {"severityColor": "#FCB64E", "thresholdValue": 32, "severityValue": 4, "severityColorLight": "#FEE6C1", "dynamicParam": 0, "severityLabel": "medium"}], "baseSeverityColor": "#99D18B", "renderBoundaryMin": 0, "metricField": "system_processor_queue_length"}, "gap_severity": "unknown", "search_alert_earliest": "1"}], "mod_timestamp": "2019-11-11T15:42:45.507950+00:00", "_key": "SAI-Windows_Service_Template", "entity_rules": [{"rule_items": [{"field": "itsi_role", "value": "SAI", "field_type": "info", "rule_type": "matches"}, {"field": "entity_type", "value": "Windows_Host", "field_type": "info", "rule_type": "matches"}, {"field": "os", "value": "Microsoft*", "field_type": "info", "rule_type": "matches"}, {"field": "host", "value": "CHANGEME", "field_type": "alias", "rule_type": "matches"}], "rule_condition": "AND"}], "sec_grp": "default_itsi_security_group", "title": "OS KPIs - Windows (SAI)", "identifying_name": "os kpis - windows (sai)", "sync_status": "synced", "_user": "nobody", "_immutable": true, "object_type": "base_service_template", "_owner": "nobody"}]