[{"max_concurrent": "1", "alert.suppress.fields": null, "alert.track": "0", "alert_comparator": "greater than", "action.email": "0", "alert.digest_mode": "1", "displayview": null, "dispatch.buckets": "0", "dispatchAs": "owner", "search": "| datamodel Ticket_Management Incident search | rename All_Ticket_Management.ticket_id as ticket_id\n  | join ticket_id [search sourcetype=\"snow:incident\" | where _indextime > now() - 60]\n  | join ticket_id [| inputlookup itsi_notable_event_external_ticket | rename tickets.* as *]\n  | rename event_id as group_id | fields - dv_* | eval bidirectional_ticketing=1", "qualifiedSearch": " datamodel Ticket_Management Incident search | rename All_Ticket_Management.ticket_id as ticket_id\n  | join ticket_id [search sourcetype=\"snow:incident\" | where _indextime > now() - 60]\n  | join ticket_id [| inputlookup itsi_notable_event_external_ticket | rename tickets.* as *]\n  | rename event_id as group_id | fields - dv_* | eval bidirectional_ticketing=1", "workload_pool": null, "dispatch.latest_time": "now", "dispatch.rt_maximum_span": null, "action.script": "0", "alert.severity": "3", "auto_summarize": "0", "action.itsi_event_generator.param.search_type": "basic", "action.email.includeEntities": "0", "action.itsi_event_generator.param.editor": "advance_correlation_builder_editor", "alert.managedBy": null, "dispatch.indexedRealtimeMinSpan": null, "action.itsi_event_generator.param.meta_data": "{}", "cron_schedule": "*/1 * * * *", "schedule_priority": "default", "actions": "itsi_event_generator", "dispatch.auto_pause": "0", "alert_threshold": "0", "dispatch.max_time": "0", "alert.suppress.period": null, "disabled": "1", "action.itsi_event_generator.param.drilldown_search_earliest_offset": "-300", "alert_condition": null, "run_n_times": "0", "action.itsi_event_generator.param.title": "Ticket Event", "dispatch.indexedRealtime": null, "name": "Bidirectional Ticketing", "dispatch.ttl": "2p", "dispatch.index_latest": null, "schedule_window": "0", "restart_on_searchpeer_add": "1", "dispatch.rt_backfill": "0", "action.itsi_event_generator.param.owner": "unassigned", "action.itsi_event_generator": "1", "realtime_schedule": "1", "alert_type": "number of events", "action.rss": "0", "allow_skew": "0", "vsid": null, "dispatch.time_format": "%FT%T.%Q%:z", "defer_scheduled_searchable_idxc": "1", "dispatch.auto_cancel": "0", "is_visible": "1", "dispatch.sample_ratio": "1", "dispatch.earliest_time": "-30m", "description": null, "sid": "Bidirectional Ticketing", "action.email.sendresults": null, "action.email.format": "pdf", "run_on_startup": "0", "action.itsi_event_generator.param.status": "1", "action.itsi_event_generator.param.severity": "1", "action.email.to": null, "dispatch.lookups": "1", "dispatch.max_count": "500000", "dispatch.indexedRealtimeOffset": null, "dispatch.spawn_process": "1", "is_scheduled": "1", "alert.suppress": "0", "dispatch.index_earliest": null, "eai:acl": {"can_share_user": "0", "can_share_global": "1", "can_list": "1", "can_change_perms": "1", "can_write": "1", "perms": {"delete": ["itoa_admin", "itoa_team_admin"], "read": ["*"], "write": ["itoa_admin", "itoa_team_admin"]}, "app": "itsi", "modifiable": "1", "can_share_app": "1", "removable": "0", "sharing": "global", "owner": "nobody"}, "action.itsi_event_generator.param.drilldown_search_latest_offset": "300", "alert.expires": "24h", "dispatch.reduce_freq": "10", "object_type": "correlation_search", "next_scheduled_time": null}, {"max_concurrent": "1", "alert.suppress.fields": null, "alert.track": "0", "alert_comparator": "greater than", "dispatch.auto_cancel": "0", "alert.digest_mode": "1", "displayview": null, "dispatch.buckets": "0", "dispatch.rt_backfill": "0", "search": "`service_health_data` alert_level=6 | rename serviceid as itsi_service_id | rename kpiid as itsi_kpi_id | rename kpi as kpi_name| lookup service_kpi_lookup _key as itsi_service_id OUTPUT title | rename title as service_name | eval actual_time=_time | convert ctime(actual_time) as actual_time", "qualifiedSearch": "search `service_health_data` alert_level=6 | rename serviceid as itsi_service_id | rename kpiid as itsi_kpi_id | rename kpi as kpi_name| lookup service_kpi_lookup _key as itsi_service_id OUTPUT title | rename title as service_name | eval actual_time=_time | convert ctime(actual_time) as actual_time", "workload_pool": null, "dispatch.latest_time": "now", "action.script": "0", "alert.severity": "3", "auto_summarize": "0", "action.itsi_event_generator.param.search_type": "basic", "alert.managedBy": null, "action.itsi_event_generator.param.editor": "advance_correlation_builder_editor", "disabled": "1", "alert_condition": null, "action.itsi_event_generator.param.meta_data": "{}", "cron_schedule": "*/1 * * * *", "schedule_priority": "default", "actions": "itsi_event_generator", "dispatch.auto_pause": "0", "alert.suppress.period": null, "alert_threshold": "0", "dispatch.max_time": "0", "action.itsi_event_generator.param.drilldown_uri": "/app/itsi/service_detail?serviceId=%itsi_service_id%&earliest=rt-24h&latest=rtnow&kpiId=%kpiid%", "dispatch.rt_maximum_span": null, "action.itsi_event_generator.param.severity": "4", "action.itsi_event_generator.param.drilldown_search_earliest_offset": "-300", "dispatch.indexedRealtimeMinSpan": null, "dispatch.sample_ratio": "1", "action.itsi_event_generator.param.title": "%service_name% is in %severity_label% - %severity_value%", "dispatch.indexedRealtime": null, "name": "Monitor Critical Services Based on Health Score", "dispatch.ttl": "2p", "dispatch.index_latest": null, "schedule_window": "0", "restart_on_searchpeer_add": "1", "action.itsi_event_generator.param.owner": "unassigned", "action.itsi_event_generator.param.drilldown_search_title": "%service_name% health", "action.itsi_event_generator": "1", "realtime_schedule": "1", "alert_type": "number of events", "dispatchAs": "owner", "allow_skew": "0", "vsid": null, "dispatch.time_format": "%FT%T.%Q%:z", "run_n_times": "0", "defer_scheduled_searchable_idxc": "1", "action.rss": "0", "is_visible": "1", "action.itsi_event_generator.param.drilldown_search_search": "`service_health_data` %itsi_service_id%", "dispatch.earliest_time": "-1m", "action.itsi_event_generator.param.drilldown_title": "Drilldown to %service_name% health score", "description": "Monitor Critical service in the environment.", "action.email": "0", "action.email.sendresults": null, "sid": "Monitor Critical Services Based on Health Score", "action.email.format": "pdf", "run_on_startup": "0", "action.itsi_event_generator.param.status": "0", "dispatch.reduce_freq": "10", "action.email.to": null, "dispatch.lookups": "1", "dispatch.max_count": "500000", "dispatch.indexedRealtimeOffset": null, "dispatch.spawn_process": "1", "is_scheduled": "1", "alert.suppress": "0", "dispatch.index_earliest": null, "eai:acl": {"can_share_user": "0", "can_share_global": "1", "can_list": "1", "can_change_perms": "1", "can_write": "1", "perms": {"delete": ["itoa_admin", "itoa_team_admin"], "read": ["*"], "write": ["itoa_admin", "itoa_team_admin"]}, "app": "itsi", "modifiable": "1", "can_share_app": "1", "removable": "0", "sharing": "global", "owner": "nobody"}, "action.itsi_event_generator.param.drilldown_search_latest_offset": "300", "alert.expires": "24h", "action.itsi_event_generator.param.description": "%service_name% is currently in %severity_label% with a value of %severity_value% at %actual_time%", "object_type": "correlation_search", "next_scheduled_time": null}, {"max_concurrent": "1", "alert.suppress.fields": null, "alert.track": "0", "alert_comparator": "greater than", "action.email": "0", "alert.digest_mode": "1", "displayview": null, "dispatch.buckets": "0", "dispatchAs": "owner", "search": "host=* sourcetype=\"nagios:core:serviceperf\"\n| eval norm_severity=case(service_status==\"CRITICAL\",6,\n  service_status==\"WARNING\",4, service_status==\"OK\",2)\n| dedup consecutive=true host_name service_status service_name\n| eval tmp_entity=host_name | `apply_entity_lookup(tmp_entity)`", "qualifiedSearch": "search host=* sourcetype=\"nagios:core:serviceperf\"\n| eval norm_severity=case(service_status==\"CRITICAL\",6,\n  service_status==\"WARNING\",4, service_status==\"OK\",2)\n| dedup consecutive=true host_name service_status service_name\n| eval tmp_entity=host_name | `apply_entity_lookup(tmp_entity)`", "workload_pool": null, "dispatch.latest_time": "now", "dispatch.rt_maximum_span": null, "action.script": "0", "alert.severity": "3", "auto_summarize": "0", "action.itsi_event_generator.param.search_type": "basic", "action.email.includeEntities": "0", "action.itsi_event_generator.param.editor": "advance_correlation_builder_editor", "alert.managedBy": null, "alert_condition": null, "action.itsi_event_generator.param.meta_data": "{}", "cron_schedule": "*/15 * * * *", "schedule_priority": "default", "actions": "itsi_event_generator", "dispatch.auto_pause": "0", "alert_threshold": "0", "dispatch.max_time": "0", "alert.suppress.period": null, "disabled": "0", "action.itsi_event_generator.param.severity": "%norm_severity%", "action.itsi_event_generator.param.drilldown_search_earliest_offset": "-300", "dispatch.indexedRealtimeMinSpan": null, "run_n_times": "0", "action.itsi_event_generator.param.title": "Nagios Services Checks %service_name% on %entity_title%", "dispatch.indexedRealtime": null, "name": "Nagios Services Check", "dispatch.ttl": "2p", "dispatch.index_latest": null, "schedule_window": "0", "restart_on_searchpeer_add": "1", "dispatch.rt_backfill": "0", "action.itsi_event_generator.param.owner": "unassigned", "action.itsi_event_generator": "1", "realtime_schedule": "1", "alert_type": "number of events", "action.rss": "0", "allow_skew": "0", "vsid": null, "dispatch.time_format": "%FT%T.%Q%:z", "defer_scheduled_searchable_idxc": "1", "dispatch.auto_cancel": "0", "is_visible": "1", "dispatch.sample_ratio": "1", "dispatch.earliest_time": "-15m", "description": "Nagios Services Check", "sid": "Nagios Services Check", "action.email.sendresults": null, "action.itsi_event_generator.param.entity_lookup_field": "tmp_entity", "action.itsi_event_generator.param.event_identifier_fields": "service_name src_host", "run_on_startup": "0", "action.itsi_event_generator.param.status": "1", "dispatch.reduce_freq": "10", "action.email.to": null, "dispatch.lookups": "1", "dispatch.max_count": "500000", "dispatch.indexedRealtimeOffset": null, "dispatch.spawn_process": "1", "is_scheduled": "1", "alert.suppress": "0", "dispatch.index_earliest": null, "eai:acl": {"can_share_user": "1", "can_share_global": "1", "can_list": "1", "can_change_perms": "1", "can_write": "1", "perms": {"delete": ["itoa_admin", "itoa_team_admin"], "read": ["*"], "write": ["itoa_admin", "itoa_team_admin"]}, "app": "itsi", "modifiable": "1", "can_share_app": "1", "removable": "1", "sharing": "global", "owner": "admin"}, "action.itsi_event_generator.param.drilldown_search_latest_offset": "300", "alert.expires": "24h", "action.itsi_event_generator.param.description": "status of service checks %service_name% %norm_health_status% on %entity_title%", "object_type": "correlation_search", "next_scheduled_time": "2019-11-11 15:45:00 UTC"}, {"max_concurrent": "1", "alert.suppress.fields": null, "alert.track": "0", "alert_comparator": "greater than", "action.email": "0", "alert.digest_mode": "1", "displayview": null, "dispatch.buckets": "0", "dispatch.rt_backfill": "0", "search": "itsiInstance=* itsiAlert=* itsiSeverity=* | eval itsiSubInstance=if(isnull(itsiSubInstance), \"-\", itsiSubInstance) | eval itsiDetails = if(isnull(itsiDetails), \"no details\", itsiDetails) | eval itsiRawStatus = if(isnull(itsiRawStatus), \"unknown\", itsiRawStatus) | sort itsiInstance itsiSubInstance itsiAlert -_time itsiSeverity | dedup consecutive=true itsiInstance itsiSubInstance itsiAlert itsiSeverity | eval tmp_entity=itsiInstance | `apply_entity_lookup(tmp_entity)`", "qualifiedSearch": "search itsiInstance=* itsiAlert=* itsiSeverity=* | eval itsiSubInstance=if(isnull(itsiSubInstance), \"-\", itsiSubInstance) | eval itsiDetails = if(isnull(itsiDetails), \"no details\", itsiDetails) | eval itsiRawStatus = if(isnull(itsiRawStatus), \"unknown\", itsiRawStatus) | sort itsiInstance itsiSubInstance itsiAlert -_time itsiSeverity | dedup consecutive=true itsiInstance itsiSubInstance itsiAlert itsiSeverity | eval tmp_entity=itsiInstance | `apply_entity_lookup(tmp_entity)`", "workload_pool": null, "dispatch.latest_time": "now", "action.script": "0", "alert.severity": "3", "auto_summarize": "0", "action.itsi_event_generator.param.search_type": "basic", "alert.managedBy": null, "action.itsi_event_generator.param.editor": "advance_correlation_builder_editor", "disabled": "1", "alert_condition": null, "action.itsi_event_generator.param.meta_data": "{}", "cron_schedule": "*/1 * * * *", "schedule_priority": "default", "actions": "itsi_event_generator", "dispatch.auto_pause": "0", "alert_threshold": "0", "dispatch.max_time": "0", "alert.suppress.period": null, "dispatch.rt_maximum_span": null, "action.itsi_event_generator.param.severity": "%itsiSeverity%", "action.itsi_event_generator.param.drilldown_search_earliest_offset": "-300", "dispatch.indexedRealtimeMinSpan": null, "dispatch.sample_ratio": "1", "action.itsi_event_generator.param.title": "%itsiAlert% - %itsiInstance% (%itsiSubInstance%) is %itsiRawStatus%", "dispatch.indexedRealtime": null, "action.rss": "0", "name": "Normalized Correlation Search", "dispatch.ttl": "2p", "dispatch.index_latest": null, "schedule_window": "0", "restart_on_searchpeer_add": "1", "action.itsi_event_generator.param.owner": "unassigned", "action.itsi_event_generator.param.drilldown_search_title": "Show Alerts", "action.itsi_event_generator": "1", "realtime_schedule": "1", "alert_type": "number of events", "dispatchAs": "owner", "allow_skew": "0", "vsid": null, "dispatch.time_format": "%FT%T.%Q%:z", "run_n_times": "0", "defer_scheduled_searchable_idxc": "1", "dispatch.auto_cancel": "0", "is_visible": "1", "action.itsi_event_generator.param.drilldown_search_search": "itsiInstance=\"%itsiInstance%\" itsiAlert=\"%itsiAlert%\"", "dispatch.earliest_time": "-1m", "description": "Correlation search on ITSI normalized fields", "sid": "Normalized Correlation Search", "action.email.sendresults": null, "action.itsi_event_generator.param.entity_lookup_field": "tmp_entity", "action.email.format": "pdf", "run_on_startup": "0", "action.itsi_event_generator.param.status": "1", "dispatch.reduce_freq": "10", "action.email.to": null, "dispatch.lookups": "1", "dispatch.max_count": "500000", "dispatch.indexedRealtimeOffset": null, "dispatch.spawn_process": "1", "is_scheduled": "1", "alert.suppress": "0", "dispatch.index_earliest": null, "eai:acl": {"can_share_user": "0", "can_share_global": "1", "can_list": "1", "can_change_perms": "1", "can_write": "1", "perms": {"delete": ["itoa_admin", "itoa_team_admin"], "read": ["*"], "write": ["itoa_admin", "itoa_team_admin"]}, "app": "itsi", "modifiable": "1", "can_share_app": "1", "removable": "0", "sharing": "global", "owner": "nobody"}, "action.itsi_event_generator.param.drilldown_search_latest_offset": "300", "alert.expires": "24h", "action.itsi_event_generator.param.description": "%itsiDetails%", "object_type": "correlation_search", "next_scheduled_time": null}, {"max_concurrent": "1", "alert.suppress.fields": null, "alert.track": "0", "alert_comparator": "greater than", "action.email": "0", "alert.digest_mode": "1", "displayview": null, "dispatch.buckets": "0", "dispatchAs": "owner", "search": "index=snmptrapd", "qualifiedSearch": "search index=snmptrapd", "workload_pool": null, "dispatch.latest_time": "@m", "dispatch.rt_maximum_span": null, "action.script": "0", "alert.severity": "3", "auto_summarize": "0", "action.itsi_event_generator.param.search_type": "basic", "action.email.includeEntities": "0", "action.itsi_event_generator.param.editor": "advance_correlation_builder_editor", "alert.managedBy": null, "alert_condition": null, "action.itsi_event_generator.param.meta_data": "{}", "cron_schedule": "*/1 * * * *", "schedule_priority": "default", "actions": "itsi_event_generator", "dispatch.auto_pause": "0", "alert_threshold": "0", "dispatch.max_time": "0", "alert.suppress.period": null, "disabled": "1", "action.itsi_event_generator.param.severity": "1", "action.itsi_event_generator.param.drilldown_search_earliest_offset": "-300", "dispatch.indexedRealtimeMinSpan": null, "dispatch.sample_ratio": "1", "action.email.sendresults": null, "dispatch.indexedRealtime": null, "name": "SNMP Traps", "dispatch.ttl": "2p", "dispatch.index_latest": null, "schedule_window": "0", "restart_on_searchpeer_add": "1", "dispatch.rt_backfill": "0", "action.itsi_event_generator.param.owner": "unassigned", "action.itsi_event_generator.param.drilldown_search_title": "Node details", "action.itsi_event_generator": "1", "realtime_schedule": "1", "alert_type": "number of events", "action.rss": "0", "allow_skew": "0", "vsid": null, "dispatch.time_format": "%FT%T.%Q%:z", "run_n_times": "0", "defer_scheduled_searchable_idxc": "1", "dispatch.auto_cancel": "0", "is_visible": "1", "action.itsi_event_generator.param.drilldown_search_search": "index=snmptrapd", "dispatch.earliest_time": "-1m", "description": null, "sid": "SNMP Traps", "action.itsi_event_generator.param.title": "%node%:%Description%", "action.email.format": "pdf", "run_on_startup": "0", "action.itsi_event_generator.param.status": "1", "dispatch.reduce_freq": "10", "action.email.to": null, "dispatch.lookups": "1", "dispatch.max_count": "500000", "dispatch.indexedRealtimeOffset": null, "dispatch.spawn_process": "1", "is_scheduled": "1", "alert.suppress": "0", "dispatch.index_earliest": null, "eai:acl": {"can_share_user": "0", "can_share_global": "1", "can_list": "1", "can_change_perms": "1", "can_write": "1", "perms": {"delete": ["itoa_admin", "itoa_team_admin"], "read": ["*"], "write": ["itoa_admin", "itoa_team_admin"]}, "app": "itsi", "modifiable": "1", "can_share_app": "1", "removable": "0", "sharing": "global", "owner": "nobody"}, "action.itsi_event_generator.param.drilldown_search_latest_offset": "300", "alert.expires": "24h", "action.itsi_event_generator.param.description": "%node%:%Description%", "object_type": "correlation_search", "next_scheduled_time": null}, {"max_concurrent": "1", "alert.suppress.fields": null, "alert.track": "0", "alert_comparator": "greater than", "dispatch.auto_cancel": "0", "alert.digest_mode": "1", "displayview": null, "dispatch.buckets": "0", "dispatch.rt_backfill": "0", "search": "index=infra_alerts AND current_state!=None | rex \"entity_id=\\\"(?<entity_id>.*?)\\\",\" | eval urlencoded_entity_id=entity_id | rex field=urlencoded_entity_id mode=sed \"s:=:\\\\%3D:g\" | eval itsiAlert=search_name | eval itsiInstance=entity_title | eval itsiSubInstance=if(isnull(itsiSubInstance), \"-\", itsiSubInstance) | eval itsiRawStatus=current_state | eval itsiSeverity=case(current_state = \"1\", 2, current_state=\"3\", 4, current_state = \"5\", 6, 1=1, 1) | eval itsiDetails = state_change + \": \" + identifier_dimensions + \" \" + metric_name + \" current value is \" + current_value | eval itsiDrilldownURI=if(isnull(entity_title), \"/app/splunk_app_infrastructure/metrics_analysis?\" + managed_by_type + \"=\" + managed_by_id + \"&alert_name=\" + ss_id + \"&aggregation_type=\" + aggregation_method + \"&tab=ANALYSIS\",\"/app/splunk_app_infrastructure/metrics_analysis?entity=\" + urlencoded_entity_id + \"&tab=ANALYSIS\") | eval itsiDrilldownSearch=if(isnull(entity_title), \"index=infra_alerts current_state!=None managed_by_id=\" + managed_by_id, \"index=infra_alerts current_state!=None search entity_id=\" + urlencoded_entity_id) | eval itsiNotableTitle=if(isnull(entity_title), ss_id, entity_title) | eval sec_grp=default_itsi_security_group | `filter_maintenance_entities`", "qualifiedSearch": "search index=infra_alerts AND current_state!=None | rex \"entity_id=\\\"(?<entity_id>.*?)\\\",\" | eval urlencoded_entity_id=entity_id | rex field=urlencoded_entity_id mode=sed \"s:=:\\\\%3D:g\" | eval itsiAlert=search_name | eval itsiInstance=entity_title | eval itsiSubInstance=if(isnull(itsiSubInstance), \"-\", itsiSubInstance) | eval itsiRawStatus=current_state | eval itsiSeverity=case(current_state = \"1\", 2, current_state=\"3\", 4, current_state = \"5\", 6, 1=1, 1) | eval itsiDetails = state_change + \": \" + identifier_dimensions + \" \" + metric_name + \" current value is \" + current_value | eval itsiDrilldownURI=if(isnull(entity_title), \"/app/splunk_app_infrastructure/metrics_analysis?\" + managed_by_type + \"=\" + managed_by_id + \"&alert_name=\" + ss_id + \"&aggregation_type=\" + aggregation_method + \"&tab=ANALYSIS\",\"/app/splunk_app_infrastructure/metrics_analysis?entity=\" + urlencoded_entity_id + \"&tab=ANALYSIS\") | eval itsiDrilldownSearch=if(isnull(entity_title), \"index=infra_alerts current_state!=None managed_by_id=\" + managed_by_id, \"index=infra_alerts current_state!=None search entity_id=\" + urlencoded_entity_id) | eval itsiNotableTitle=if(isnull(entity_title), ss_id, entity_title) | eval sec_grp=default_itsi_security_group | `filter_maintenance_entities`", "workload_pool": null, "dispatch.latest_time": "now", "action.script": "0", "alert.severity": "3", "auto_summarize": "0", "action.itsi_event_generator.param.search_type": "basic", "alert.managedBy": null, "action.itsi_event_generator.param.editor": "advance_correlation_builder_editor", "disabled": "0", "alert_condition": null, "action.itsi_event_generator.param.meta_data": "{}", "cron_schedule": "*/1 * * * *", "schedule_priority": "default", "actions": "itsi_event_generator", "dispatch.auto_pause": "0", "alert.suppress.period": null, "alert_threshold": "0", "dispatch.max_time": "0", "action.itsi_event_generator.param.drilldown_uri": "%itsiDrilldownURI%", "dispatch.rt_maximum_span": null, "action.itsi_event_generator.param.severity": "%itsiSeverity%", "action.itsi_event_generator.param.drilldown_search_earliest_offset": "-300", "dispatch.indexedRealtimeMinSpan": null, "dispatch.sample_ratio": "1", "action.itsi_event_generator.param.title": "%itsiNotableTitle% %metric_name% %state_change%d", "dispatch.indexedRealtime": null, "name": "Splunk App for Infrastructure Alerts", "dispatch.ttl": "2p", "dispatch.index_latest": null, "schedule_window": "0", "restart_on_searchpeer_add": "1", "action.itsi_event_generator.param.owner": "unassigned", "action.itsi_event_generator.param.drilldown_search_title": "%itsiNotableTitle% Search", "action.itsi_event_generator": "1", "realtime_schedule": "1", "alert_type": "number of events", "dispatchAs": "owner", "allow_skew": "0", "vsid": null, "dispatch.time_format": "%FT%T.%Q%:z", "run_n_times": "0", "defer_scheduled_searchable_idxc": "1", "action.rss": "0", "is_visible": "1", "action.itsi_event_generator.param.drilldown_search_search": "%itsiDrilldownSearch%", "dispatch.earliest_time": "-5m", "action.itsi_event_generator.param.drilldown_title": "%itsiNotableTitle% Analysis in Splunk App for Infrastructure", "description": "Import alerts from Splunk App for Infrastructure.", "action.email": "0", "action.email.sendresults": null, "action.itsi_event_generator.param.entity_lookup_field": "itsiInstance", "sid": "Splunk App for Infrastructure Alerts", "action.email.format": "pdf", "run_on_startup": "0", "action.itsi_event_generator.param.status": "1", "dispatch.reduce_freq": "10", "action.email.to": null, "dispatch.lookups": "1", "dispatch.max_count": "500000", "dispatch.indexedRealtimeOffset": null, "dispatch.spawn_process": "1", "is_scheduled": "1", "alert.suppress": "0", "dispatch.index_earliest": null, "eai:acl": {"can_share_user": "0", "can_share_global": "1", "can_list": "1", "can_change_perms": "1", "can_write": "1", "perms": {"delete": ["itoa_admin", "itoa_team_admin"], "read": ["*"], "write": ["itoa_admin", "itoa_team_admin"]}, "app": "itsi", "modifiable": "1", "can_share_app": "1", "removable": "0", "sharing": "global", "owner": "nobody"}, "action.itsi_event_generator.param.drilldown_search_latest_offset": "300", "alert.expires": "24h", "action.itsi_event_generator.param.description": "%itsiNotableTitle% %metric_name% alert imported from Splunk App for Infrastructure", "object_type": "correlation_search", "next_scheduled_time": "2019-11-11 15:43:00 UTC"}]