[{"_version": "4.3.1", "permissions": {"user": "nobody", "group": {"delete": true, "read": true, "write": true}, "delete": true, "read": true, "write": true}, "mod_source": "REST", "sec_grp": "default_itsi_security_group", "informational": {"values": [], "fields": []}, "identifying_name": "localhost", "mod_timestamp": "2019-10-31T11:00:14.666822+00:00", "_key": "49b75382-f161-48cf-bb8d-76c0b44697b2", "_user": "nobody", "create_source": "manual", "title": "localhost", "_itsi_identifier_lookups": [], "mod_time": "2019-10-31 11:00:13", "identifier": {"values": [], "fields": []}, "_type": "entity", "_owner": "nobody", "create_by": "admin", "services": [], "object_type": "entity", "create_time": "2019-10-31 11:00:13"}]