[{"severity": "2", "_key": "01437cd3-7650-47f9-90ec-a12bb1312125", "owner": "unassigned", "event_identifier_hash": "01437cd3-7650-47f9-90ec-a12bb1312125", "object_type": "notable_event_group", "_user": "nobody", "status": "1"}, {"severity": "2", "_user": "nobody", "_key": "01baace2-620c-4fb8-a145-8cb31a9d75f6", "mod_time": 1572603392.749, "event_identifier_hash": "01baace2-620c-4fb8-a145-8cb31a9d75f6", "status": "1", "object_type": "notable_event_group", "owner": "unassigned"}, {"severity": "2", "_user": "nobody", "_key": "01cfa399-63d8-498c-b379-d168b0f91d10", "mod_time": 1572542187.953, "event_identifier_hash": "01cfa399-63d8-498c-b379-d168b0f91d10", "status": "1", "object_type": "notable_event_group", "owner": "unassigned"}, {"severity": "2", "_user": "nobody", "_key": "0205851a-e3dd-4a8e-8692-f82f4a5bd98c", "mod_time": 1572632190.391, "event_identifier_hash": "0205851a-e3dd-4a8e-8692-f82f4a5bd98c", "status": "1", "object_type": "notable_event_group", "owner": "unassigned"}, {"severity": "4", "_user": "nobody", "_key": "0280a9c7-2261-4072-8b1d-62a3c6283c1f", "mod_time": 1572646572.308, "event_identifier_hash": "0280a9c7-2261-4072-8b1d-62a3c6283c1f", "status": "1", "object_type": "notable_event_group", "owner": "unassigned"}, {"severity": "2", "_user": "nobody", "_key": "0358f606-0e52-417e-9a03-9234e8e04510", "mod_time": 1572588982.518, "event_identifier_hash": "0358f606-0e52-417e-9a03-9234e8e04510", "status": "1", "object_type": "notable_event_group", "owner": "unassigned"}, {"severity": "2", "_user": "nobody", "_key": "035e574c-7e90-4461-aa5d-6fb0adca6f02", "mod_time": 1572624984.599, "event_identifier_hash": "035e574c-7e90-4461-aa5d-6fb0adca6f02", "status": "1", "object_type": "notable_event_group", "owner": "unassigned"}, {"severity": "2", "_user": "nobody", "_key": "04b51560-32f0-4445-bafe-ec2fb24a7934", "mod_time": 1572687078.361, "event_identifier_hash": "04b51560-32f0-4445-bafe-ec2fb24a7934", "status": "1", "object_type": "notable_event_group", "owner": "unassigned"}, {"severity": "2", "_user": "nobody", "_key": "04e6ae3d-533c-4215-9bfe-e85f4f77c0a2", "mod_time": 1572578189.715, "event_identifier_hash": "04e6ae3d-533c-4215-9bfe-e85f4f77c0a2", "status": "1", "object_type": "notable_event_group", "owner": "unassigned"}, {"severity": "2", "_key": "05ed18d5-1082-4055-b3ac-2b0c33598a21", "owner": "unassigned", "event_identifier_hash": "05ed18d5-1082-4055-b3ac-2b0c33598a21", "object_type": "notable_event_group", "_user": "nobody", "status": "1"}, {"severity": "2", "_user": "nobody", "_key": "07681955-06b7-4d5f-b5b5-a53296bc98ff", "mod_time": 1572581777.891, "event_identifier_hash": "07681955-06b7-4d5f-b5b5-a53296bc98ff", "status": "1", "object_type": "notable_event_group", "owner": "unassigned"}, {"severity": "2", "_user": "nobody", "_key": "07bcb929-ef29-418f-b9f3-8ed7285e0756", "mod_time": 1572679873.319, "event_identifier_hash": "07bcb929-ef29-418f-b9f3-8ed7285e0756", "status": "1", "object_type": "notable_event_group", "owner": "unassigned"}, {"severity": "2", "_user": "nobody", "_key": "08d235c1-29d6-4a50-a5e6-418c47ebc459", "mod_time": 1572549394.677, "event_identifier_hash": "08d235c1-29d6-4a50-a5e6-418c47ebc459", "status": "1", "object_type": "notable_event_group", "owner": "unassigned"}, {"severity": "2", "_user": "nobody", "_key": "0904951e-1fe5-4672-96b9-ec31f6168251", "mod_time": 1572563779.973, "event_identifier_hash": "0904951e-1fe5-4672-96b9-ec31f6168251", "status": "1", "object_type": "notable_event_group", "owner": "unassigned"}, {"severity": "2", "_user": "nobody", "_key": "094e19d9-9a6c-47cf-9c8d-c7f03d4fbfdc", "mod_time": 1572639395.808, "event_identifier_hash": "094e19d9-9a6c-47cf-9c8d-c7f03d4fbfdc", "status": "1", "object_type": "notable_event_group", "owner": "unassigned"}, {"severity": "2", "_user": "nobody", "_key": "0b2b0613-bb4f-46c6-ba8f-4c41bf7050c5", "mod_time": 1572650188.504, "event_identifier_hash": "0b2b0613-bb4f-46c6-ba8f-4c41bf7050c5", "status": "1", "object_type": "notable_event_group", "owner": "unassigned"}, {"severity": "2", "_user": "nobody", "_key": "0b98a6f6-f066-475b-ac06-ffb7352bccf7", "mod_time": 1572592598.715, "event_identifier_hash": "0b98a6f6-f066-475b-ac06-ffb7352bccf7", "status": "1", "object_type": "notable_event_group", "owner": "unassigned"}, {"severity": "2", "_key": "0ec24e14-eac0-4e06-9775-81a54b526df7", "owner": "unassigned", "event_identifier_hash": "0ec24e14-eac0-4e06-9775-81a54b526df7", "object_type": "notable_event_group", "_user": "nobody", "status": "1"}, {"severity": "2", "_user": "nobody", "_key": "0ed0b608-d6ea-486d-8889-18e344fcd43d", "mod_time": 1572552983.735, "event_identifier_hash": "0ed0b608-d6ea-486d-8889-18e344fcd43d", "status": "1", "object_type": "notable_event_group", "owner": "unassigned"}, {"severity": "2", "_user": "nobody", "_key": "0eeeb839-151d-4aa3-a525-94a95ed217e5", "mod_time": 1572971479.603, "event_identifier_hash": "0eeeb839-151d-4aa3-a525-94a95ed217e5", "status": "1", "object_type": "notable_event_group", "owner": "unassigned"}, {"severity": "2", "_key": "0eef151d-8111-4c02-bdc0-90e5b4c87c3f", "owner": "unassigned", "event_identifier_hash": "0eef151d-8111-4c02-bdc0-90e5b4c87c3f", "object_type": "notable_event_group", "_user": "nobody", "status": "1"}, {"severity": "2", "_user": "nobody", "_key": "10d3f832-7b48-4d44-a126-2d73a29c9dfb", "mod_time": 1572563779.953, "event_identifier_hash": "10d3f832-7b48-4d44-a126-2d73a29c9dfb", "status": "1", "object_type": "notable_event_group", "owner": "unassigned"}, {"severity": "2", "_user": "nobody", "_key": "10f931ae-681c-46d3-8a31-c3a08eb2c895", "mod_time": 1572606982.085, "event_identifier_hash": "10f931ae-681c-46d3-8a31-c3a08eb2c895", "status": "1", "object_type": "notable_event_group", "owner": "unassigned"}, {"severity": "2", "_user": "nobody", "_key": "11e96bd2-e2e7-4d94-8669-d1357cc8e80e", "mod_time": 1572635778.858, "event_identifier_hash": "11e96bd2-e2e7-4d94-8669-d1357cc8e80e", "status": "1", "object_type": "notable_event_group", "owner": "unassigned"}, {"severity": "2", "_key": "132da5a8-cace-458f-9712-e6287752f4e9", "owner": "unassigned", "event_identifier_hash": "132da5a8-cace-458f-9712-e6287752f4e9", "object_type": "notable_event_group", "_user": "nobody", "status": "1"}, {"severity": "2", "_user": "nobody", "_key": "1397eb8c-2f5e-455a-8e95-dd518777b6b0", "mod_time": 1572687078.365, "event_identifier_hash": "1397eb8c-2f5e-455a-8e95-dd518777b6b0", "status": "1", "object_type": "notable_event_group", "owner": "unassigned"}, {"severity": "2", "_user": "nobody", "_key": "14ef08e2-4489-4c6e-89bf-3e2e377690a3", "mod_time": 1572578189.713, "event_identifier_hash": "14ef08e2-4489-4c6e-89bf-3e2e377690a3", "status": "1", "object_type": "notable_event_group", "owner": "unassigned"}, {"severity": "4", "_user": "nobody", "_key": "156a7470-d117-4846-b763-fd0980c23c72", "mod_time": 1572967864.17, "event_identifier_hash": "156a7470-d117-4846-b763-fd0980c23c72", "status": "1", "object_type": "notable_event_group", "owner": "unassigned"}, {"severity": "2", "_user": "nobody", "_key": "179ca67b-3b02-427f-8aab-69d8a6a4c228", "mod_time": 1572621395.176, "event_identifier_hash": "179ca67b-3b02-427f-8aab-69d8a6a4c228", "status": "1", "object_type": "notable_event_group", "owner": "unassigned"}, {"severity": "2", "_user": "nobody", "_key": "19bb504e-df4b-45e9-bac3-65880cd33344", "mod_time": 1572617778.24, "event_identifier_hash": "19bb504e-df4b-45e9-bac3-65880cd33344", "status": "1", "object_type": "notable_event_group", "owner": "unassigned"}, {"severity": "2", "_user": "nobody", "_key": "1bf2c0fc-ac28-4fcb-81d3-8edd01b657a3", "mod_time": 1572639395.798, "event_identifier_hash": "1bf2c0fc-ac28-4fcb-81d3-8edd01b657a3", "status": "1", "object_type": "notable_event_group", "owner": "unassigned"}, {"severity": "2", "_user": "nobody", "_key": "1df07d4c-2b93-4556-b9c5-ed4d7cd1e8d7", "mod_time": 1572596186.895, "event_identifier_hash": "1df07d4c-2b93-4556-b9c5-ed4d7cd1e8d7", "status": "1", "object_type": "notable_event_group", "owner": "unassigned"}, {"severity": "2", "_user": "nobody", "_key": "1e7d545a-3eaf-452c-a36e-4048b1d06527", "mod_time": 1572632190.389, "event_identifier_hash": "1e7d545a-3eaf-452c-a36e-4048b1d06527", "status": "1", "object_type": "notable_event_group", "owner": "unassigned"}, {"severity": "2", "_user": "nobody", "_key": "1f4ba085-c942-4ba6-a08c-eefab7b8ec06", "mod_time": 1572556572.708, "event_identifier_hash": "1f4ba085-c942-4ba6-a08c-eefab7b8ec06", "status": "1", "object_type": "notable_event_group", "owner": "unassigned"}, {"severity": "2", "_key": "1f91e81d-136b-4727-9893-ae33aea4c54a", "owner": "unassigned", "event_identifier_hash": "1f91e81d-136b-4727-9893-ae33aea4c54a", "object_type": "notable_event_group", "_user": "nobody", "status": "1"}, {"severity": "4", "_user": "nobody", "_key": "222ccfe3-c09b-4935-a569-630d6f2da6ef", "mod_time": 1572650188.501, "event_identifier_hash": "222ccfe3-c09b-4935-a569-630d6f2da6ef", "status": "1", "object_type": "notable_event_group", "owner": "unassigned"}, {"severity": "2", "_user": "nobody", "_key": "22ece307-e332-459c-a453-7a55c9f71a13", "mod_time": 1572560191.191, "event_identifier_hash": "22ece307-e332-459c-a453-7a55c9f71a13", "status": "1", "object_type": "notable_event_group", "owner": "unassigned"}, {"severity": "2", "_key": "254d8e0f-d4e9-498c-b589-2d57af79dc7d", "owner": "unassigned", "event_identifier_hash": "254d8e0f-d4e9-498c-b589-2d57af79dc7d", "object_type": "notable_event_group", "_user": "nobody", "status": "1"}, {"severity": "2", "_user": "nobody", "_key": "2588df46-d3ab-45d2-96f9-3017a6e7446c", "mod_time": 1572650188.508, "event_identifier_hash": "2588df46-d3ab-45d2-96f9-3017a6e7446c", "status": "1", "object_type": "notable_event_group", "owner": "unassigned"}, {"severity": "2", "_user": "nobody", "_key": "25a77018-1df8-4e2b-a5ca-bccfcb3131e7", "mod_time": 1572617778.257, "event_identifier_hash": "25a77018-1df8-4e2b-a5ca-bccfcb3131e7", "status": "1", "object_type": "notable_event_group", "owner": "unassigned"}, {"severity": "2", "_user": "nobody", "_key": "2618e83f-1831-43a0-8495-539e8ea73f5f", "mod_time": 1572610599.445, "event_identifier_hash": "2618e83f-1831-43a0-8495-539e8ea73f5f", "status": "1", "object_type": "notable_event_group", "owner": "unassigned"}, {"severity": "2", "_user": "nobody", "_key": "26dd2ed2-9114-4ac6-80ba-823f3b65129c", "mod_time": 1572603392.743, "event_identifier_hash": "26dd2ed2-9114-4ac6-80ba-823f3b65129c", "status": "1", "object_type": "notable_event_group", "owner": "unassigned"}, {"severity": "2", "_key": "27b25059-5287-4288-a551-77794594d899", "owner": "unassigned", "event_identifier_hash": "27b25059-5287-4288-a551-77794594d899", "object_type": "notable_event_group", "_user": "nobody", "status": "1"}, {"severity": "2", "_key": "2837ffeb-8f71-42df-8bc8-ab71d9d44c7a", "owner": "unassigned", "event_identifier_hash": "2837ffeb-8f71-42df-8bc8-ab71d9d44c7a", "object_type": "notable_event_group", "_user": "nobody", "status": "1"}, {"severity": "2", "_user": "nobody", "_key": "290ce3a8-470a-4db4-a0b8-e94d4b165882", "mod_time": 1572552983.728, "event_identifier_hash": "290ce3a8-470a-4db4-a0b8-e94d4b165882", "status": "1", "object_type": "notable_event_group", "owner": "unassigned"}, {"severity": "2", "_user": "nobody", "_key": "296218ad-f253-46cc-9f67-fe79ef5d86b6", "mod_time": 1572570985.211, "event_identifier_hash": "296218ad-f253-46cc-9f67-fe79ef5d86b6", "status": "1", "object_type": "notable_event_group", "owner": "unassigned"}, {"severity": "2", "_user": "nobody", "_key": "2ac0f00c-5d0d-44e9-8911-4f34f0b331a9", "mod_time": 1572585394.133, "event_identifier_hash": "2ac0f00c-5d0d-44e9-8911-4f34f0b331a9", "status": "1", "object_type": "notable_event_group", "owner": "unassigned"}, {"severity": "2", "_user": "nobody", "_key": "2b8f508c-993b-4e39-9ad5-bd80bf38d182", "mod_time": 1572657393.439, "event_identifier_hash": "2b8f508c-993b-4e39-9ad5-bd80bf38d182", "status": "1", "object_type": "notable_event_group", "owner": "unassigned"}, {"severity": "2", "_user": "nobody", "_key": "2e44d1d4-3316-4403-83af-e5280eca399a", "mod_time": 1572628601.941, "event_identifier_hash": "2e44d1d4-3316-4403-83af-e5280eca399a", "status": "1", "object_type": "notable_event_group", "owner": "unassigned"}, {"severity": "2", "_user": "nobody", "_key": "2e8f10ff-46dc-49dc-89e6-04d416015898", "mod_time": 1572639395.796, "event_identifier_hash": "2e8f10ff-46dc-49dc-89e6-04d416015898", "status": "1", "object_type": "notable_event_group", "owner": "unassigned"}, {"severity": "4", "_user": "nobody", "_key": "2e9073dc-b462-4ff2-9160-ef9fd86a7549", "mod_time": 1572585394.136, "event_identifier_hash": "2e9073dc-b462-4ff2-9160-ef9fd86a7549", "status": "1", "object_type": "notable_event_group", "owner": "unassigned"}, {"severity": "2", "_key": "2e91b104-ca60-49c0-b411-a3ad01a71b44", "owner": "unassigned", "event_identifier_hash": "2e91b104-ca60-49c0-b411-a3ad01a71b44", "object_type": "notable_event_group", "_user": "nobody", "status": "1"}, {"severity": "4", "_key": "312c9aff-debc-4a33-b3fc-0f724bf2c531", "owner": "unassigned", "event_identifier_hash": "312c9aff-debc-4a33-b3fc-0f724bf2c531", "object_type": "notable_event_group", "_user": "nobody", "status": "1"}, {"severity": "2", "_user": "nobody", "_key": "31665afb-b1ff-4d57-98f0-e6cf5b77905c", "mod_time": 1572567396.733, "event_identifier_hash": "31665afb-b1ff-4d57-98f0-e6cf5b77905c", "status": "1", "object_type": "notable_event_group", "owner": "unassigned"}, {"severity": "2", "_user": "nobody", "_key": "31a88d60-f2c4-4cf7-b72d-8ce193d95813", "mod_time": 1572639395.794, "event_identifier_hash": "31a88d60-f2c4-4cf7-b72d-8ce193d95813", "status": "1", "object_type": "notable_event_group", "owner": "unassigned"}, {"severity": "2", "_user": "nobody", "_key": "342c44a1-8fba-4d6c-b055-cd9276c3a1ff", "mod_time": 1572560191.194, "event_identifier_hash": "342c44a1-8fba-4d6c-b055-cd9276c3a1ff", "status": "1", "object_type": "notable_event_group", "owner": "unassigned"}, {"severity": "4", "_user": "nobody", "_key": "34986228-2fda-4b29-afba-f87498a4be35", "mod_time": 1572624984.592, "event_identifier_hash": "34986228-2fda-4b29-afba-f87498a4be35", "status": "1", "object_type": "notable_event_group", "owner": "unassigned"}, {"severity": "2", "_user": "nobody", "_key": "34a3ae53-661e-4a0c-81d0-cedcdeaddb7e", "mod_time": 1572588982.515, "event_identifier_hash": "34a3ae53-661e-4a0c-81d0-cedcdeaddb7e", "status": "1", "object_type": "notable_event_group", "owner": "unassigned"}, {"severity": "2", "_user": "nobody", "_key": "34e531c9-9699-4feb-8cb0-d90e1a8a0bf2", "mod_time": 1572542187.94, "event_identifier_hash": "34e531c9-9699-4feb-8cb0-d90e1a8a0bf2", "status": "1", "object_type": "notable_event_group", "owner": "unassigned"}, {"severity": "2", "_key": "352af63e-e49b-490a-a949-9bd1ff967334", "owner": "unassigned", "event_identifier_hash": "352af63e-e49b-490a-a949-9bd1ff967334", "object_type": "notable_event_group", "_user": "nobody", "status": "1"}, {"severity": "2", "_user": "nobody", "_key": "359e9772-2d16-48fc-9efa-c0a32f1c9c70", "mod_time": 1572635778.867, "event_identifier_hash": "359e9772-2d16-48fc-9efa-c0a32f1c9c70", "status": "1", "object_type": "notable_event_group", "owner": "unassigned"}, {"severity": "2", "_user": "nobody", "_key": "39112cf2-fa63-49b1-9ab8-4681866a416c", "mod_time": 1572567396.741, "event_identifier_hash": "39112cf2-fa63-49b1-9ab8-4681866a416c", "status": "1", "object_type": "notable_event_group", "owner": "unassigned"}, {"severity": "2", "_user": "nobody", "_key": "3a2f9b54-2ec3-404c-8d6f-8d6edf18e0c1", "mod_time": 1572596186.883, "event_identifier_hash": "3a2f9b54-2ec3-404c-8d6f-8d6edf18e0c1", "status": "1", "object_type": "notable_event_group", "owner": "unassigned"}, {"severity": "2", "_user": "nobody", "_key": "3a7e9246-97d4-47c3-bc35-4ed3260c4556", "mod_time": 1572556572.714, "event_identifier_hash": "3a7e9246-97d4-47c3-bc35-4ed3260c4556", "status": "1", "object_type": "notable_event_group", "owner": "unassigned"}, {"severity": "4", "_user": "nobody", "_key": "3a957d4f-6958-4f9d-a38a-687e21ea1d7a", "mod_time": 1572560191.206, "event_identifier_hash": "3a957d4f-6958-4f9d-a38a-687e21ea1d7a", "status": "1", "object_type": "notable_event_group", "owner": "unassigned"}, {"severity": "2", "_user": "nobody", "_key": "3bb757f2-0ed2-48e9-b059-e98fee38a42e", "mod_time": 1572646572.291, "event_identifier_hash": "3bb757f2-0ed2-48e9-b059-e98fee38a42e", "status": "1", "object_type": "notable_event_group", "owner": "unassigned"}, {"severity": "2", "_user": "nobody", "_key": "3d8b8996-c0b9-45f6-a54e-b4e0263b1ac9", "mod_time": 1572617778.238, "event_identifier_hash": "3d8b8996-c0b9-45f6-a54e-b4e0263b1ac9", "status": "1", "object_type": "notable_event_group", "owner": "unassigned"}, {"severity": "2", "_user": "nobody", "_key": "3dc857fd-070c-4666-a99f-5a218184ab51", "mod_time": 1572617778.254, "event_identifier_hash": "3dc857fd-070c-4666-a99f-5a218184ab51", "status": "1", "object_type": "notable_event_group", "owner": "unassigned"}, {"severity": "2", "_user": "nobody", "_key": "4109dcee-6e89-4d92-bef0-5127c36ced0d", "mod_time": 1572624984.597, "event_identifier_hash": "4109dcee-6e89-4d92-bef0-5127c36ced0d", "status": "1", "object_type": "notable_event_group", "owner": "unassigned"}, {"severity": "2", "_user": "nobody", "_key": "4360b3f6-5d16-4957-98ee-09b900361101", "mod_time": 1572639395.805, "event_identifier_hash": "4360b3f6-5d16-4957-98ee-09b900361101", "status": "1", "object_type": "notable_event_group", "owner": "unassigned"}, {"severity": "2", "_key": "449c675b-1bfb-4d19-b434-98dbdf46bb96", "owner": "unassigned", "event_identifier_hash": "449c675b-1bfb-4d19-b434-98dbdf46bb96", "object_type": "notable_event_group", "_user": "nobody", "status": "1"}, {"severity": "2", "_user": "nobody", "_key": "469113b0-dbd6-4cea-8ea7-2840ab3887ee", "mod_time": 1572621395.155, "event_identifier_hash": "469113b0-dbd6-4cea-8ea7-2840ab3887ee", "status": "1", "object_type": "notable_event_group", "owner": "unassigned"}, {"severity": "2", "_key": "49459739-9e6c-4da8-b128-01846b4d8590", "owner": "unassigned", "event_identifier_hash": "49459739-9e6c-4da8-b128-01846b4d8590", "object_type": "notable_event_group", "_user": "nobody", "status": "1"}, {"severity": "2", "_key": "4956b181-7f32-48fc-94e4-283fb89359a9", "owner": "unassigned", "event_identifier_hash": "4956b181-7f32-48fc-94e4-283fb89359a9", "object_type": "notable_event_group", "_user": "nobody", "status": "1"}, {"severity": "2", "_user": "nobody", "_key": "4a2fd679-9f23-4742-bae1-3f9c78089e9a", "mod_time": 1572610599.427, "event_identifier_hash": "4a2fd679-9f23-4742-bae1-3f9c78089e9a", "status": "1", "object_type": "notable_event_group", "owner": "unassigned"}, {"severity": "2", "_user": "nobody", "_key": "4b35f0a6-8736-4e65-9040-1d94cc8d6ed3", "mod_time": 1572578189.683, "event_identifier_hash": "4b35f0a6-8736-4e65-9040-1d94cc8d6ed3", "status": "1", "object_type": "notable_event_group", "owner": "unassigned"}, {"severity": "2", "_user": "nobody", "_key": "4bdb9245-e4b8-47bc-94cb-e13f8a7f1255", "mod_time": 1572549394.701, "event_identifier_hash": "4bdb9245-e4b8-47bc-94cb-e13f8a7f1255", "status": "1", "object_type": "notable_event_group", "owner": "unassigned"}, {"severity": "2", "_user": "nobody", "_key": "4e4e36b0-5201-4efd-95c7-d6382d638128", "mod_time": 1572592598.735, "event_identifier_hash": "4e4e36b0-5201-4efd-95c7-d6382d638128", "status": "1", "object_type": "notable_event_group", "owner": "unassigned"}, {"severity": "2", "_user": "nobody", "_key": "4e5232e8-1697-41f8-aa25-231acb5a2f76", "mod_time": 1572653777, "event_identifier_hash": "4e5232e8-1697-41f8-aa25-231acb5a2f76", "status": "1", "object_type": "notable_event_group", "owner": "unassigned"}, {"severity": "2", "_user": "nobody", "_key": "4ea7187b-d1bc-4e51-be4d-60ed4f83e970", "mod_time": 1572599775.536, "event_identifier_hash": "4ea7187b-d1bc-4e51-be4d-60ed4f83e970", "status": "1", "object_type": "notable_event_group", "owner": "unassigned"}, {"severity": "2", "_user": "nobody", "_key": "4f0ef73b-c7cb-4846-a5cb-a9edba54f1bc", "mod_time": 1572588982.528, "event_identifier_hash": "4f0ef73b-c7cb-4846-a5cb-a9edba54f1bc", "status": "1", "object_type": "notable_event_group", "owner": "unassigned"}, {"severity": "4", "_user": "nobody", "_key": "504419b1-dfdd-4ab9-81da-b4f2d934b7a1", "mod_time": 1572581777.91, "event_identifier_hash": "504419b1-dfdd-4ab9-81da-b4f2d934b7a1", "status": "1", "object_type": "notable_event_group", "owner": "unassigned"}, {"severity": "2", "_key": "50d91cc0-9c69-49c9-b0e3-43c99b849e86", "owner": "unassigned", "event_identifier_hash": "50d91cc0-9c69-49c9-b0e3-43c99b849e86", "object_type": "notable_event_group", "_user": "nobody", "status": "1"}, {"severity": "2", "_user": "nobody", "_key": "511defa6-8061-4884-a184-1cf65826865d", "mod_time": 1572967864.18, "event_identifier_hash": "511defa6-8061-4884-a184-1cf65826865d", "status": "1", "object_type": "notable_event_group", "owner": "unassigned"}, {"severity": "2", "_user": "nobody", "_key": "51883faa-ae0e-46e7-9c72-bf998e3368be", "mod_time": 1572646572.289, "event_identifier_hash": "51883faa-ae0e-46e7-9c72-bf998e3368be", "status": "1", "object_type": "notable_event_group", "owner": "unassigned"}, {"severity": "2", "_user": "nobody", "_key": "524bf251-2813-40bb-be7f-c66500f04c0a", "mod_time": 1572628601.925, "event_identifier_hash": "524bf251-2813-40bb-be7f-c66500f04c0a", "status": "1", "object_type": "notable_event_group", "owner": "unassigned"}, {"severity": "2", "_key": "526f88ad-8c97-4958-9eb5-63144d308cfb", "owner": "unassigned", "event_identifier_hash": "526f88ad-8c97-4958-9eb5-63144d308cfb", "object_type": "notable_event_group", "_user": "nobody", "status": "1"}, {"severity": "2", "_user": "nobody", "_key": "528592a6-b825-4574-a3a5-14313c8881c9", "mod_time": 1572552983.733, "event_identifier_hash": "528592a6-b825-4574-a3a5-14313c8881c9", "status": "1", "object_type": "notable_event_group", "owner": "unassigned"}, {"severity": "2", "_user": "nobody", "_key": "547faa14-9fbe-4d3d-8694-beb551693b1a", "mod_time": 1572610599.438, "event_identifier_hash": "547faa14-9fbe-4d3d-8694-beb551693b1a", "status": "1", "object_type": "notable_event_group", "owner": "unassigned"}, {"severity": "2", "_user": "nobody", "_key": "5513ad03-6cc4-4cde-992c-c21d26ee9e54", "mod_time": 1572967864.184, "event_identifier_hash": "5513ad03-6cc4-4cde-992c-c21d26ee9e54", "status": "1", "object_type": "notable_event_group", "owner": "unassigned"}, {"severity": "4", "_user": "nobody", "_key": "552292f3-8dac-4650-9cf9-74d88d777323", "mod_time": 1572610599.419, "event_identifier_hash": "552292f3-8dac-4650-9cf9-74d88d777323", "status": "1", "object_type": "notable_event_group", "owner": "unassigned"}, {"severity": "2", "_user": "nobody", "_key": "5536c3ef-727f-4eef-bc5f-97ec94bcf239", "mod_time": 1572628601.934, "event_identifier_hash": "5536c3ef-727f-4eef-bc5f-97ec94bcf239", "status": "1", "object_type": "notable_event_group", "owner": "unassigned"}, {"severity": "4", "_user": "nobody", "_key": "5565e671-eb1d-46b4-aaae-cfcd6aea62d4", "mod_time": 1572639395.791, "event_identifier_hash": "5565e671-eb1d-46b4-aaae-cfcd6aea62d4", "status": "1", "object_type": "notable_event_group", "owner": "unassigned"}, {"severity": "2", "_user": "nobody", "_key": "56270ff6-af6e-4b1c-acc4-24b2679fd08f", "mod_time": 1572599775.533, "event_identifier_hash": "56270ff6-af6e-4b1c-acc4-24b2679fd08f", "status": "1", "object_type": "notable_event_group", "owner": "unassigned"}, {"severity": "2", "_user": "nobody", "_key": "57a9e96c-a415-435e-b1bb-940f0b267d83", "mod_time": 1572642984.263, "event_identifier_hash": "57a9e96c-a415-435e-b1bb-940f0b267d83", "status": "1", "object_type": "notable_event_group", "owner": "unassigned"}, {"severity": "2", "_key": "5820a80d-aa51-4304-ab73-03d4a5363c85", "owner": "unassigned", "event_identifier_hash": "5820a80d-aa51-4304-ab73-03d4a5363c85", "object_type": "notable_event_group", "_user": "nobody", "status": "1"}, {"severity": "2", "_key": "58732491-5917-4953-adde-d2a833329e46", "owner": "unassigned", "event_identifier_hash": "58732491-5917-4953-adde-d2a833329e46", "object_type": "notable_event_group", "_user": "nobody", "status": "1"}, {"severity": "4", "_user": "nobody", "_key": "58b80aa6-0664-4a02-a5ff-b7de2be81f64", "mod_time": 1572628601.921, "event_identifier_hash": "58b80aa6-0664-4a02-a5ff-b7de2be81f64", "status": "1", "object_type": "notable_event_group", "owner": "unassigned"}, {"severity": "2", "_user": "nobody", "_key": "58fc6646-d929-4029-98e7-f7c6fd6f027b", "mod_time": 1572653777.003, "event_identifier_hash": "58fc6646-d929-4029-98e7-f7c6fd6f027b", "status": "1", "object_type": "notable_event_group", "owner": "unassigned"}, {"severity": "2", "_user": "nobody", "_key": "5992cedd-f7e8-435c-9010-a1a875b41a8e", "mod_time": 1572621395.151, "event_identifier_hash": "5992cedd-f7e8-435c-9010-a1a875b41a8e", "status": "1", "object_type": "notable_event_group", "owner": "unassigned"}, {"severity": "2", "_user": "nobody", "_key": "5a04aa75-9649-4464-8a0a-9513d8465042", "mod_time": 1572588982.526, "event_identifier_hash": "5a04aa75-9649-4464-8a0a-9513d8465042", "status": "1", "object_type": "notable_event_group", "owner": "unassigned"}, {"severity": "2", "_user": "nobody", "_key": "5ad453ae-7640-418b-ba23-2abd02cecd64", "mod_time": 1572574573.623, "event_identifier_hash": "5ad453ae-7640-418b-ba23-2abd02cecd64", "status": "1", "object_type": "notable_event_group", "owner": "unassigned"}, {"severity": "2", "_user": "nobody", "_key": "5d5549a2-5561-469f-bd30-9c673b5de250", "mod_time": 1572574573.633, "event_identifier_hash": "5d5549a2-5561-469f-bd30-9c673b5de250", "status": "1", "object_type": "notable_event_group", "owner": "unassigned"}, {"severity": "2", "_user": "nobody", "_key": "5d8ea2e4-a02b-4065-a51e-7efd0ffb686b", "mod_time": 1572556572.721, "event_identifier_hash": "5d8ea2e4-a02b-4065-a51e-7efd0ffb686b", "status": "1", "object_type": "notable_event_group", "owner": "unassigned"}, {"severity": "4", "_user": "nobody", "_key": "5d8f9d84-0f1c-47b6-bb14-d29060d73f02", "mod_time": 1572588982.536, "event_identifier_hash": "5d8f9d84-0f1c-47b6-bb14-d29060d73f02", "status": "1", "object_type": "notable_event_group", "owner": "unassigned"}, {"severity": "2", "_key": "5dbfbf3e-c9cd-4f81-9ef7-e4b22d05b68c", "owner": "unassigned", "event_identifier_hash": "5dbfbf3e-c9cd-4f81-9ef7-e4b22d05b68c", "object_type": "notable_event_group", "_user": "nobody", "status": "1"}, {"severity": "2", "_user": "nobody", "_key": "5dc78118-2d67-41fd-8a87-704bd379f276", "mod_time": 1572610599.436, "event_identifier_hash": "5dc78118-2d67-41fd-8a87-704bd379f276", "status": "1", "object_type": "notable_event_group", "owner": "unassigned"}, {"severity": "2", "_user": "nobody", "_key": "5efa50d4-2948-4a36-b356-d3f02fadf48c", "mod_time": 1572614188.974, "event_identifier_hash": "5efa50d4-2948-4a36-b356-d3f02fadf48c", "status": "1", "object_type": "notable_event_group", "owner": "unassigned"}, {"severity": "4", "_user": "nobody", "_key": "608e547e-e6fb-4f62-aee1-8911cc54ba50", "mod_time": 1572617778.249, "event_identifier_hash": "608e547e-e6fb-4f62-aee1-8911cc54ba50", "status": "1", "object_type": "notable_event_group", "owner": "unassigned"}, {"severity": "2", "_user": "nobody", "_key": "60cbc040-3c18-4431-b545-d526b80f6d7d", "mod_time": 1572560191.188, "event_identifier_hash": "60cbc040-3c18-4431-b545-d526b80f6d7d", "status": "1", "object_type": "notable_event_group", "owner": "unassigned"}, {"severity": "2", "_user": "nobody", "_key": "60e56eef-6d78-4fab-8baa-cc0a450c7472", "mod_time": 1572567396.725, "event_identifier_hash": "60e56eef-6d78-4fab-8baa-cc0a450c7472", "status": "1", "object_type": "notable_event_group", "owner": "unassigned"}, {"severity": "2", "_user": "nobody", "_key": "613cf104-9720-4ab2-877c-9c5d8f8addb8", "mod_time": 1572578189.68, "event_identifier_hash": "613cf104-9720-4ab2-877c-9c5d8f8addb8", "status": "1", "object_type": "notable_event_group", "owner": "unassigned"}, {"severity": "2", "_user": "nobody", "_key": "61aa79be-9e22-461c-9ec7-e5bf154e862e", "mod_time": 1572642984.265, "event_identifier_hash": "61aa79be-9e22-461c-9ec7-e5bf154e862e", "status": "1", "object_type": "notable_event_group", "owner": "unassigned"}, {"severity": "2", "_user": "nobody", "_key": "61b9bd4f-cd43-48b1-ac5b-45a44fb6bdc5", "mod_time": 1572635778.802, "event_identifier_hash": "61b9bd4f-cd43-48b1-ac5b-45a44fb6bdc5", "status": "1", "object_type": "notable_event_group", "owner": "unassigned"}, {"severity": "2", "_user": "nobody", "_key": "627dd74c-9a0c-446a-999d-f70790905426", "mod_time": 1572657393.444, "event_identifier_hash": "627dd74c-9a0c-446a-999d-f70790905426", "status": "1", "object_type": "notable_event_group", "owner": "unassigned"}, {"severity": "2", "_user": "nobody", "_key": "6318bff2-d11d-4e06-a62e-033e5a8d5336", "mod_time": 1572646572.294, "event_identifier_hash": "6318bff2-d11d-4e06-a62e-033e5a8d5336", "status": "1", "object_type": "notable_event_group", "owner": "unassigned"}, {"severity": "2", "_user": "nobody", "_key": "637ef956-dea0-4b69-b3c3-87f3c925ce95", "mod_time": 1572642984.254, "event_identifier_hash": "637ef956-dea0-4b69-b3c3-87f3c925ce95", "status": "1", "object_type": "notable_event_group", "owner": "unassigned"}, {"severity": "2", "_user": "nobody", "_key": "646e3269-b376-4ee4-a1e1-9f8a3a47ad27", "mod_time": 1572635778.879, "event_identifier_hash": "646e3269-b376-4ee4-a1e1-9f8a3a47ad27", "status": "1", "object_type": "notable_event_group", "owner": "unassigned"}, {"severity": "2", "_user": "nobody", "_key": "648c7c4e-1e58-4061-bd4f-dc6acbc0afc1", "mod_time": 1572560191.197, "event_identifier_hash": "648c7c4e-1e58-4061-bd4f-dc6acbc0afc1", "status": "1", "object_type": "notable_event_group", "owner": "unassigned"}, {"severity": "4", "_user": "nobody", "_key": "64ae10c1-d6c4-4717-ac6c-35d8746197a0", "mod_time": 1572563779.97, "event_identifier_hash": "64ae10c1-d6c4-4717-ac6c-35d8746197a0", "status": "1", "object_type": "notable_event_group", "owner": "unassigned"}, {"severity": "2", "_user": "nobody", "_key": "67797ad5-9318-48be-843a-6654a677e2ec", "mod_time": 1572570985.218, "event_identifier_hash": "67797ad5-9318-48be-843a-6654a677e2ec", "status": "1", "object_type": "notable_event_group", "owner": "unassigned"}, {"severity": "2", "_user": "nobody", "_key": "681f44ae-424e-4fbe-8e38-e1b2ceeca853", "mod_time": 1572581777.912, "event_identifier_hash": "681f44ae-424e-4fbe-8e38-e1b2ceeca853", "status": "1", "object_type": "notable_event_group", "owner": "unassigned"}, {"severity": "2", "_user": "nobody", "_key": "6867d5a1-c560-46c5-b627-70eea1b6ab8e", "mod_time": 1572621395.172, "event_identifier_hash": "6867d5a1-c560-46c5-b627-70eea1b6ab8e", "status": "1", "object_type": "notable_event_group", "owner": "unassigned"}, {"severity": "4", "_user": "nobody", "_key": "694c596f-7d0d-4e98-becb-093b4462eb5d", "mod_time": 1572635778.796, "event_identifier_hash": "694c596f-7d0d-4e98-becb-093b4462eb5d", "status": "1", "object_type": "notable_event_group", "owner": "unassigned"}, {"severity": "2", "_user": "nobody", "_key": "695f82b6-67e4-439f-b599-e3fd7d2fb17e", "mod_time": 1572603392.755, "event_identifier_hash": "695f82b6-67e4-439f-b599-e3fd7d2fb17e", "status": "1", "object_type": "notable_event_group", "owner": "unassigned"}, {"severity": "2", "_user": "nobody", "_key": "6b9b00a7-2f7d-455c-9370-662fd0b10d3f", "mod_time": 1572599775.525, "event_identifier_hash": "6b9b00a7-2f7d-455c-9370-662fd0b10d3f", "status": "1", "object_type": "notable_event_group", "owner": "unassigned"}, {"severity": "2", "_key": "6bfd685f-8994-4868-80e5-d61163ac2464", "owner": "unassigned", "event_identifier_hash": "6bfd685f-8994-4868-80e5-d61163ac2464", "object_type": "notable_event_group", "_user": "nobody", "status": "1"}, {"severity": "4", "_user": "nobody", "_key": "6c3c3f9f-91f8-4e81-b4e8-fc30aeba2234", "mod_time": 1572556572.711, "event_identifier_hash": "6c3c3f9f-91f8-4e81-b4e8-fc30aeba2234", "status": "1", "object_type": "notable_event_group", "owner": "unassigned"}, {"severity": "2", "_user": "nobody", "_key": "6dbb47f7-a5d5-4aac-80f1-581b24f44deb", "mod_time": 1572560191.199, "event_identifier_hash": "6dbb47f7-a5d5-4aac-80f1-581b24f44deb", "status": "1", "object_type": "notable_event_group", "owner": "unassigned"}, {"severity": "2", "_user": "nobody", "_key": "6dc08288-8fa6-41fa-9714-11e2f9a65a3b", "mod_time": 1572967864.165, "event_identifier_hash": "6dc08288-8fa6-41fa-9714-11e2f9a65a3b", "status": "1", "object_type": "notable_event_group", "owner": "unassigned"}, {"severity": "2", "_user": "nobody", "_key": "6dcb6a57-405f-4577-b2c5-e5c07534143c", "mod_time": 1572610599.442, "event_identifier_hash": "6dcb6a57-405f-4577-b2c5-e5c07534143c", "status": "1", "object_type": "notable_event_group", "owner": "unassigned"}, {"severity": "2", "_user": "nobody", "_key": "6e643b2c-4f72-415b-8c1e-9b73323bbf93", "mod_time": 1572570985.227, "event_identifier_hash": "6e643b2c-4f72-415b-8c1e-9b73323bbf93", "status": "1", "object_type": "notable_event_group", "owner": "unassigned"}, {"severity": "4", "_key": "6ed8fc9c-c33a-42c8-99d0-7aea25a2cbd9", "owner": "unassigned", "event_identifier_hash": "6ed8fc9c-c33a-42c8-99d0-7aea25a2cbd9", "object_type": "notable_event_group", "_user": "nobody", "status": "1"}, {"severity": "2", "_user": "nobody", "_key": "7030996b-b41c-4eb0-b9b8-20862c000f57", "mod_time": 1572642984.259, "event_identifier_hash": "7030996b-b41c-4eb0-b9b8-20862c000f57", "status": "1", "object_type": "notable_event_group", "owner": "unassigned"}, {"severity": "2", "_user": "nobody", "_key": "705fcd48-aa39-4c90-860e-6243cc10c34c", "mod_time": 1572624984.584, "event_identifier_hash": "705fcd48-aa39-4c90-860e-6243cc10c34c", "status": "1", "object_type": "notable_event_group", "owner": "unassigned"}, {"severity": "2", "_user": "nobody", "_key": "706f3135-137b-4811-a918-ff9ad480b182", "mod_time": 1572606982.104, "event_identifier_hash": "706f3135-137b-4811-a918-ff9ad480b182", "status": "1", "object_type": "notable_event_group", "owner": "unassigned"}, {"severity": "2", "_key": "71070410-c5c6-46f9-a8fc-12d22a204bab", "owner": "unassigned", "event_identifier_hash": "71070410-c5c6-46f9-a8fc-12d22a204bab", "object_type": "notable_event_group", "_user": "nobody", "status": "1"}, {"severity": "2", "_user": "nobody", "_key": "7142cb03-4f7f-422b-ba28-13423db32d62", "mod_time": 1572567396.738, "event_identifier_hash": "7142cb03-4f7f-422b-ba28-13423db32d62", "status": "1", "object_type": "notable_event_group", "owner": "unassigned"}, {"severity": "2", "_user": "nobody", "_key": "72791da9-9d4a-41e0-995f-e4784cecc859", "mod_time": 1572614188.991, "event_identifier_hash": "72791da9-9d4a-41e0-995f-e4784cecc859", "status": "1", "object_type": "notable_event_group", "owner": "unassigned"}, {"severity": "2", "_user": "nobody", "_key": "731f5199-0b45-4850-8c55-b1b5f68ce355", "mod_time": 1572642984.273, "event_identifier_hash": "731f5199-0b45-4850-8c55-b1b5f68ce355", "status": "1", "object_type": "notable_event_group", "owner": "unassigned"}, {"severity": "2", "_user": "nobody", "_key": "73f41e81-1c3b-4402-ba48-192c2906c881", "mod_time": 1572588982.533, "event_identifier_hash": "73f41e81-1c3b-4402-ba48-192c2906c881", "status": "1", "object_type": "notable_event_group", "owner": "unassigned"}, {"severity": "2", "_user": "nobody", "_key": "765cb848-b581-44b1-9b20-910ac4e3266d", "mod_time": 1572574573.607, "event_identifier_hash": "765cb848-b581-44b1-9b20-910ac4e3266d", "status": "1", "object_type": "notable_event_group", "owner": "unassigned"}, {"severity": "2", "_user": "nobody", "_key": "76949694-12e9-4e64-b476-b851e638a205", "mod_time": 1572585394.138, "event_identifier_hash": "76949694-12e9-4e64-b476-b851e638a205", "status": "1", "object_type": "notable_event_group", "owner": "unassigned"}, {"severity": "2", "_key": "7a9877e6-e9fa-4667-bd7e-816b3c24e852", "owner": "unassigned", "event_identifier_hash": "7a9877e6-e9fa-4667-bd7e-816b3c24e852", "object_type": "notable_event_group", "_user": "nobody", "status": "1"}, {"severity": "4", "_user": "nobody", "_key": "7ae19b4c-8147-48ea-883c-4454c52f39cb", "mod_time": 1572606982.09, "event_identifier_hash": "7ae19b4c-8147-48ea-883c-4454c52f39cb", "status": "1", "object_type": "notable_event_group", "owner": "unassigned"}, {"severity": "2", "_user": "nobody", "_key": "7b346497-8008-4b68-afdd-bdffd2f97a74", "mod_time": 1572614188.985, "event_identifier_hash": "7b346497-8008-4b68-afdd-bdffd2f97a74", "status": "1", "object_type": "notable_event_group", "owner": "unassigned"}, {"severity": "2", "_user": "nobody", "_key": "7be03aca-b3ae-466c-a8e6-d1d9df4c7efa", "mod_time": 1572603392.764, "event_identifier_hash": "7be03aca-b3ae-466c-a8e6-d1d9df4c7efa", "status": "1", "object_type": "notable_event_group", "owner": "unassigned"}, {"severity": "2", "_user": "nobody", "_key": "7c50bb97-2cd6-49e4-a62a-3786fab01fd5", "mod_time": 1572581777.906, "event_identifier_hash": "7c50bb97-2cd6-49e4-a62a-3786fab01fd5", "status": "1", "object_type": "notable_event_group", "owner": "unassigned"}, {"severity": "2", "_user": "nobody", "_key": "7cf71567-cc43-4f8a-98f0-961988b1122c", "mod_time": 1572646572.296, "event_identifier_hash": "7cf71567-cc43-4f8a-98f0-961988b1122c", "status": "1", "object_type": "notable_event_group", "owner": "unassigned"}, {"severity": "2", "_user": "nobody", "_key": "7d02638e-e604-48d5-b6bb-690a6b95f455", "mod_time": 1572592598.721, "event_identifier_hash": "7d02638e-e604-48d5-b6bb-690a6b95f455", "status": "1", "object_type": "notable_event_group", "owner": "unassigned"}, {"severity": "4", "_user": "nobody", "_key": "7d3d28a4-957e-4c79-b85f-c3fa046d5bd1", "mod_time": 1572542187.946, "event_identifier_hash": "7d3d28a4-957e-4c79-b85f-c3fa046d5bd1", "status": "1", "object_type": "notable_event_group", "owner": "unassigned"}, {"severity": "2", "_user": "nobody", "_key": "7f9b05da-6d50-4afa-b4a8-b221a9c74b53", "mod_time": 1572657393.429, "event_identifier_hash": "7f9b05da-6d50-4afa-b4a8-b221a9c74b53", "status": "1", "object_type": "notable_event_group", "owner": "unassigned"}, {"severity": "2", "_user": "nobody", "_key": "8001f725-4667-45b6-9fcd-3988b7b66160", "mod_time": 1572606982.087, "event_identifier_hash": "8001f725-4667-45b6-9fcd-3988b7b66160", "status": "1", "object_type": "notable_event_group", "owner": "unassigned"}, {"severity": "2", "_user": "nobody", "_key": "81a3e214-0e39-4064-875a-e4542a00facd", "mod_time": 1572549394.699, "event_identifier_hash": "81a3e214-0e39-4064-875a-e4542a00facd", "status": "1", "object_type": "notable_event_group", "owner": "unassigned"}, {"severity": "2", "_user": "nobody", "_key": "81bfdd51-ef69-4805-97bf-1e2524ed566c", "mod_time": 1572967864.173, "event_identifier_hash": "81bfdd51-ef69-4805-97bf-1e2524ed566c", "status": "1", "object_type": "notable_event_group", "owner": "unassigned"}, {"severity": "4", "_user": "nobody", "_key": "81e306f8-fa45-4528-9f2c-4064a24f5f7b", "mod_time": 1572603392.761, "event_identifier_hash": "81e306f8-fa45-4528-9f2c-4064a24f5f7b", "status": "1", "object_type": "notable_event_group", "owner": "unassigned"}, {"severity": "2", "_user": "nobody", "_key": "83d210d8-7810-4731-997f-4df10d4a4795", "mod_time": 1572596186.872, "event_identifier_hash": "83d210d8-7810-4731-997f-4df10d4a4795", "status": "1", "object_type": "notable_event_group", "owner": "unassigned"}, {"severity": "2", "_user": "nobody", "_key": "84bae5b3-4564-495a-9c39-7e51c7cddfb6", "mod_time": 1572549394.696, "event_identifier_hash": "84bae5b3-4564-495a-9c39-7e51c7cddfb6", "status": "1", "object_type": "notable_event_group", "owner": "unassigned"}, {"severity": "4", "_user": "nobody", "_key": "84e1d410-a8c4-4bfe-bc1f-bcd0e6f929a4", "mod_time": 1572570985.233, "event_identifier_hash": "84e1d410-a8c4-4bfe-bc1f-bcd0e6f929a4", "status": "1", "object_type": "notable_event_group", "owner": "unassigned"}, {"severity": "2", "_user": "nobody", "_key": "84e89878-6333-4651-b5ad-dfd64a22a199", "mod_time": 1572639395.801, "event_identifier_hash": "84e89878-6333-4651-b5ad-dfd64a22a199", "status": "1", "object_type": "notable_event_group", "owner": "unassigned"}, {"severity": "2", "_user": "nobody", "_key": "8503a983-73f7-46ff-98f5-4f4c1c29d10b", "mod_time": 1572542187.956, "event_identifier_hash": "8503a983-73f7-46ff-98f5-4f4c1c29d10b", "status": "1", "object_type": "notable_event_group", "owner": "unassigned"}, {"severity": "2", "_user": "nobody", "_key": "863a5c03-6ae8-4703-b1dc-3692a2de64e5", "mod_time": 1572545777.491, "event_identifier_hash": "863a5c03-6ae8-4703-b1dc-3692a2de64e5", "status": "1", "object_type": "notable_event_group", "owner": "unassigned"}, {"severity": "2", "_user": "nobody", "_key": "867f8eb3-ac22-48f4-8757-9575aa155ae6", "mod_time": 1572653776.994, "event_identifier_hash": "867f8eb3-ac22-48f4-8757-9575aa155ae6", "status": "1", "object_type": "notable_event_group", "owner": "unassigned"}, {"severity": "2", "_user": "nobody", "_key": "8725fd65-230a-44d0-a8eb-9e8ab9f1bbeb", "mod_time": 1572971479.592, "event_identifier_hash": "8725fd65-230a-44d0-a8eb-9e8ab9f1bbeb", "status": "1", "object_type": "notable_event_group", "owner": "unassigned"}, {"severity": "2", "_user": "nobody", "_key": "87929a0f-8650-4d35-9291-be14f56b3598", "mod_time": 1572599775.523, "event_identifier_hash": "87929a0f-8650-4d35-9291-be14f56b3598", "status": "1", "object_type": "notable_event_group", "owner": "unassigned"}, {"severity": "2", "_user": "nobody", "_key": "8836a7ed-9233-446c-93ad-d8dbe5716d5b", "mod_time": 1572581777.897, "event_identifier_hash": "8836a7ed-9233-446c-93ad-d8dbe5716d5b", "status": "1", "object_type": "notable_event_group", "owner": "unassigned"}, {"severity": "2", "_key": "89bfc405-49b1-44de-a3dd-c6a491e2ab18", "owner": "unassigned", "event_identifier_hash": "89bfc405-49b1-44de-a3dd-c6a491e2ab18", "object_type": "notable_event_group", "_user": "nobody", "status": "1"}, {"severity": "2", "_user": "nobody", "_key": "8a2c3675-3bbc-4567-8c14-82396182f3af", "mod_time": 1572708693.492, "event_identifier_hash": "8a2c3675-3bbc-4567-8c14-82396182f3af", "status": "1", "object_type": "notable_event_group", "owner": "unassigned"}, {"severity": "4", "_user": "nobody", "_key": "8a395c49-31f3-4633-ab6f-8c71de31a53b", "mod_time": 1572621395.163, "event_identifier_hash": "8a395c49-31f3-4633-ab6f-8c71de31a53b", "status": "1", "object_type": "notable_event_group", "owner": "unassigned"}, {"severity": "4", "_user": "nobody", "_key": "8a5f9fa2-8946-4f8b-b11c-53e64c4a84fc", "mod_time": 1572545777.5, "event_identifier_hash": "8a5f9fa2-8946-4f8b-b11c-53e64c4a84fc", "status": "1", "object_type": "notable_event_group", "owner": "unassigned"}, {"severity": "2", "_user": "nobody", "_key": "8a990e0d-1954-4059-8268-5b539d1ad560", "mod_time": 1572971479.615, "event_identifier_hash": "8a990e0d-1954-4059-8268-5b539d1ad560", "status": "1", "object_type": "notable_event_group", "owner": "unassigned"}, {"severity": "4", "_user": "nobody", "_key": "8b0153e7-2717-4808-8dec-59f4a0d5745d", "mod_time": 1572599775.541, "event_identifier_hash": "8b0153e7-2717-4808-8dec-59f4a0d5745d", "status": "1", "object_type": "notable_event_group", "owner": "unassigned"}, {"severity": "2", "_user": "nobody", "_key": "8b01ff13-837b-426e-a363-e1988869a758", "mod_time": 1572617778.232, "event_identifier_hash": "8b01ff13-837b-426e-a363-e1988869a758", "status": "1", "object_type": "notable_event_group", "owner": "unassigned"}, {"severity": "2", "_user": "nobody", "_key": "8e8550c1-badf-43ad-a059-ffa7829b511b", "mod_time": 1572967864.187, "event_identifier_hash": "8e8550c1-badf-43ad-a059-ffa7829b511b", "status": "1", "object_type": "notable_event_group", "owner": "unassigned"}, {"severity": "2", "_user": "nobody", "_key": "908a5d56-f8e0-4a77-823a-3613ea7dc493", "mod_time": 1572628601.928, "event_identifier_hash": "908a5d56-f8e0-4a77-823a-3613ea7dc493", "status": "1", "object_type": "notable_event_group", "owner": "unassigned"}, {"severity": "2", "_user": "nobody", "_key": "918b0d53-e93d-46b3-b5e7-4ab3fba999f4", "mod_time": 1572657393.434, "event_identifier_hash": "918b0d53-e93d-46b3-b5e7-4ab3fba999f4", "status": "1", "object_type": "notable_event_group", "owner": "unassigned"}, {"severity": "4", "_user": "nobody", "_key": "92a4a23e-39ea-45f6-a3c1-25087190267e", "mod_time": 1572574573.631, "event_identifier_hash": "92a4a23e-39ea-45f6-a3c1-25087190267e", "status": "1", "object_type": "notable_event_group", "owner": "unassigned"}, {"severity": "2", "_user": "nobody", "_key": "939e0bfa-de82-402d-ac31-5476b4a34d8f", "mod_time": 1572567396.736, "event_identifier_hash": "939e0bfa-de82-402d-ac31-5476b4a34d8f", "status": "1", "object_type": "notable_event_group", "owner": "unassigned"}, {"severity": "2", "_user": "nobody", "_key": "941a75d3-e136-481b-9d04-2b41f2e6cd16", "mod_time": 1572650188.51, "event_identifier_hash": "941a75d3-e136-481b-9d04-2b41f2e6cd16", "status": "1", "object_type": "notable_event_group", "owner": "unassigned"}, {"severity": "2", "_user": "nobody", "_key": "94736817-8ed5-434d-b95a-2d64e0f7a7e3", "mod_time": 1572542187.938, "event_identifier_hash": "94736817-8ed5-434d-b95a-2d64e0f7a7e3", "status": "1", "object_type": "notable_event_group", "owner": "unassigned"}, {"severity": "2", "_user": "nobody", "_key": "9475a1e8-fa4a-4a9e-9b18-41431090568b", "mod_time": 1572542187.949, "event_identifier_hash": "9475a1e8-fa4a-4a9e-9b18-41431090568b", "status": "1", "object_type": "notable_event_group", "owner": "unassigned"}, {"severity": "2", "_user": "nobody", "_key": "9476eff7-6431-4cc0-b814-009dac2cb628", "mod_time": 1572585394.141, "event_identifier_hash": "9476eff7-6431-4cc0-b814-009dac2cb628", "status": "1", "object_type": "notable_event_group", "owner": "unassigned"}, {"severity": "4", "_user": "nobody", "_key": "95cb33c1-37ce-47ac-90f7-b4bfc80c9e5c", "mod_time": 1572592598.728, "event_identifier_hash": "95cb33c1-37ce-47ac-90f7-b4bfc80c9e5c", "status": "1", "object_type": "notable_event_group", "owner": "unassigned"}, {"severity": "2", "_user": "nobody", "_key": "967861fd-2b88-4d85-9915-a723a566a824", "mod_time": 1572574573.615, "event_identifier_hash": "967861fd-2b88-4d85-9915-a723a566a824", "status": "1", "object_type": "notable_event_group", "owner": "unassigned"}, {"severity": "4", "_key": "96eda66f-85ff-42e4-93b5-d4854c6f9e39", "owner": "unassigned", "event_identifier_hash": "96eda66f-85ff-42e4-93b5-d4854c6f9e39", "object_type": "notable_event_group", "_user": "nobody", "status": "1"}, {"severity": "2", "_user": "nobody", "_key": "97d1261d-a83a-4355-834b-6809eccc4dca", "mod_time": 1572646572.322, "event_identifier_hash": "97d1261d-a83a-4355-834b-6809eccc4dca", "status": "1", "object_type": "notable_event_group", "owner": "unassigned"}, {"severity": "2", "_key": "97e85fed-436f-4a46-9e4d-db37164300e8", "owner": "unassigned", "event_identifier_hash": "97e85fed-436f-4a46-9e4d-db37164300e8", "object_type": "notable_event_group", "_user": "nobody", "status": "1"}, {"severity": "2", "_user": "nobody", "_key": "982cb6a0-6dcc-47c7-ae15-f8a834b83e92", "mod_time": 1572635778.845, "event_identifier_hash": "982cb6a0-6dcc-47c7-ae15-f8a834b83e92", "status": "1", "object_type": "notable_event_group", "owner": "unassigned"}, {"severity": "2", "_user": "nobody", "_key": "9a516850-db52-49ea-adc3-24d053328339", "mod_time": 1572545777.503, "event_identifier_hash": "9a516850-db52-49ea-adc3-24d053328339", "status": "1", "object_type": "notable_event_group", "owner": "unassigned"}, {"severity": "2", "_user": "nobody", "_key": "9bb352da-7e16-4b23-be7e-9d125ccfbd4f", "mod_time": 1572578189.706, "event_identifier_hash": "9bb352da-7e16-4b23-be7e-9d125ccfbd4f", "status": "1", "object_type": "notable_event_group", "owner": "unassigned"}, {"severity": "2", "_key": "9c9780eb-2b0f-4883-8f62-7f1423d00a41", "owner": "unassigned", "event_identifier_hash": "9c9780eb-2b0f-4883-8f62-7f1423d00a41", "object_type": "notable_event_group", "_user": "nobody", "status": "1"}, {"severity": "2", "_user": "nobody", "_key": "9cf8e2a0-375d-4ae5-8576-134e0f1b0616", "mod_time": 1572642984.251, "event_identifier_hash": "9cf8e2a0-375d-4ae5-8576-134e0f1b0616", "status": "1", "object_type": "notable_event_group", "owner": "unassigned"}, {"severity": "2", "_user": "nobody", "_key": "9e053cd1-1ede-4ddd-ae98-b16b58e83035", "mod_time": 1572614188.988, "event_identifier_hash": "9e053cd1-1ede-4ddd-ae98-b16b58e83035", "status": "1", "object_type": "notable_event_group", "owner": "unassigned"}, {"severity": "2", "_user": "nobody", "_key": "9f1959ba-bcd6-4f7f-8136-7ab9ee011bef", "mod_time": 1572617778.252, "event_identifier_hash": "9f1959ba-bcd6-4f7f-8136-7ab9ee011bef", "status": "1", "object_type": "notable_event_group", "owner": "unassigned"}, {"severity": "2", "_user": "nobody", "_key": "9fa6198b-e4cd-49df-a90d-8a4878a205fc", "mod_time": 1572578189.7, "event_identifier_hash": "9fa6198b-e4cd-49df-a90d-8a4878a205fc", "status": "1", "object_type": "notable_event_group", "owner": "unassigned"}, {"severity": "2", "_user": "nobody", "_key": "a036bcf1-8ed1-481a-b2da-59e45d41acaf", "mod_time": 1572617778.235, "event_identifier_hash": "a036bcf1-8ed1-481a-b2da-59e45d41acaf", "status": "1", "object_type": "notable_event_group", "owner": "unassigned"}, {"severity": "2", "_user": "nobody", "_key": "a0d1f93f-fed2-4426-aac4-edd639e8d48a", "mod_time": 1572971479.609, "event_identifier_hash": "a0d1f93f-fed2-4426-aac4-edd639e8d48a", "status": "1", "object_type": "notable_event_group", "owner": "unassigned"}, {"severity": "4", "_user": "nobody", "_key": "a1ef8034-9a5c-4c55-add4-27b0c17ed7db", "mod_time": 1572690694.638, "event_identifier_hash": "a1ef8034-9a5c-4c55-add4-27b0c17ed7db", "status": "1", "object_type": "notable_event_group", "owner": "unassigned"}, {"severity": "4", "_key": "a5190f56-f649-4840-b87a-332abb367bb5", "owner": "unassigned", "event_identifier_hash": "a5190f56-f649-4840-b87a-332abb367bb5", "object_type": "notable_event_group", "_user": "nobody", "status": "1"}, {"severity": "2", "_user": "nobody", "_key": "a5a32856-9cf2-47c7-b59a-804c9aacddfc", "mod_time": 1572650188.524, "event_identifier_hash": "a5a32856-9cf2-47c7-b59a-804c9aacddfc", "status": "1", "object_type": "notable_event_group", "owner": "unassigned"}, {"severity": "4", "_user": "nobody", "_key": "a5bf2709-d909-4fb7-b43d-b5b4cd7d2e33", "mod_time": 1572971479.595, "event_identifier_hash": "a5bf2709-d909-4fb7-b43d-b5b4cd7d2e33", "status": "1", "object_type": "notable_event_group", "owner": "unassigned"}, {"severity": "2", "_user": "nobody", "_key": "a88b2e9a-de11-4137-a63b-dac0f0ad3c9d", "mod_time": 1572603392.747, "event_identifier_hash": "a88b2e9a-de11-4137-a63b-dac0f0ad3c9d", "status": "1", "object_type": "notable_event_group", "owner": "unassigned"}, {"severity": "2", "_user": "nobody", "_key": "a9c4ac18-6451-4ca1-ada7-f426b395c1b0", "mod_time": 1572606982.106, "event_identifier_hash": "a9c4ac18-6451-4ca1-ada7-f426b395c1b0", "status": "1", "object_type": "notable_event_group", "owner": "unassigned"}, {"severity": "2", "_user": "nobody", "_key": "ab20cda1-5942-4f3c-bdd7-2470149bef98", "mod_time": 1572606982.101, "event_identifier_hash": "ab20cda1-5942-4f3c-bdd7-2470149bef98", "status": "1", "object_type": "notable_event_group", "owner": "unassigned"}, {"severity": "4", "_user": "nobody", "_key": "acc34c9d-9df6-44c0-87f9-6e65b90cc264", "mod_time": 1572632190.387, "event_identifier_hash": "acc34c9d-9df6-44c0-87f9-6e65b90cc264", "status": "1", "object_type": "notable_event_group", "owner": "unassigned"}, {"severity": "2", "_user": "nobody", "_key": "adac661c-29fe-443e-904b-9e7391ebc822", "mod_time": 1572967864.16, "event_identifier_hash": "adac661c-29fe-443e-904b-9e7391ebc822", "status": "1", "object_type": "notable_event_group", "owner": "unassigned"}, {"severity": "2", "_user": "nobody", "_key": "adefb77c-662c-445d-8058-54f6dc1e9b1e", "mod_time": 1572552983.719, "event_identifier_hash": "adefb77c-662c-445d-8058-54f6dc1e9b1e", "status": "1", "object_type": "notable_event_group", "owner": "unassigned"}, {"severity": "2", "_user": "nobody", "_key": "af9e5e17-8d78-4f5c-88d9-54b5d8784a10", "mod_time": 1572574573.626, "event_identifier_hash": "af9e5e17-8d78-4f5c-88d9-54b5d8784a10", "status": "1", "object_type": "notable_event_group", "owner": "unassigned"}, {"severity": "2", "_user": "nobody", "_key": "b0686fa3-a373-4772-8f87-21bdbedf1cbe", "mod_time": 1572646572.3, "event_identifier_hash": "b0686fa3-a373-4772-8f87-21bdbedf1cbe", "status": "1", "object_type": "notable_event_group", "owner": "unassigned"}, {"severity": "2", "_user": "nobody", "_key": "b0ced1f2-bcac-430d-9337-7d6299592bfa", "mod_time": 1572570985.23, "event_identifier_hash": "b0ced1f2-bcac-430d-9337-7d6299592bfa", "status": "1", "object_type": "notable_event_group", "owner": "unassigned"}, {"severity": "2", "_user": "nobody", "_key": "b1398a18-e1ad-4d23-8e94-5a5fd493d9ac", "mod_time": 1572599775.521, "event_identifier_hash": "b1398a18-e1ad-4d23-8e94-5a5fd493d9ac", "status": "1", "object_type": "notable_event_group", "owner": "unassigned"}, {"severity": "2", "_user": "nobody", "_key": "b1413882-f5cb-48d5-813d-00a6ad0f4227", "mod_time": 1572585394.125, "event_identifier_hash": "b1413882-f5cb-48d5-813d-00a6ad0f4227", "status": "1", "object_type": "notable_event_group", "owner": "unassigned"}, {"severity": "2", "_user": "nobody", "_key": "b2dbdf2c-bbe5-404f-9952-1b7094879e62", "mod_time": 1572628601.931, "event_identifier_hash": "b2dbdf2c-bbe5-404f-9952-1b7094879e62", "status": "1", "object_type": "notable_event_group", "owner": "unassigned"}, {"severity": "2", "_user": "nobody", "_key": "b32768ee-68a1-410e-9542-4ef940824b3c", "mod_time": 1572552983.747, "event_identifier_hash": "b32768ee-68a1-410e-9542-4ef940824b3c", "status": "1", "object_type": "notable_event_group", "owner": "unassigned"}, {"severity": "2", "_user": "nobody", "_key": "b4d19aa0-dfad-49ac-af19-a48138b4be0a", "mod_time": 1572657393.447, "event_identifier_hash": "b4d19aa0-dfad-49ac-af19-a48138b4be0a", "status": "1", "object_type": "notable_event_group", "owner": "unassigned"}, {"severity": "2", "_user": "nobody", "_key": "b617cf98-0589-4fdf-a68f-f647e2a0e252", "mod_time": 1572581777.915, "event_identifier_hash": "b617cf98-0589-4fdf-a68f-f647e2a0e252", "status": "1", "object_type": "notable_event_group", "owner": "unassigned"}, {"severity": "2", "_user": "nobody", "_key": "b63dce0b-7214-494f-b7bb-ac80f04b0d81", "mod_time": 1572549394.69, "event_identifier_hash": "b63dce0b-7214-494f-b7bb-ac80f04b0d81", "status": "1", "object_type": "notable_event_group", "owner": "unassigned"}, {"severity": "2", "_user": "nobody", "_key": "b7100759-8143-495c-a433-ed6ce75ee951", "mod_time": 1572621395.181, "event_identifier_hash": "b7100759-8143-495c-a433-ed6ce75ee951", "status": "1", "object_type": "notable_event_group", "owner": "unassigned"}, {"severity": "2", "_user": "nobody", "_key": "b77270d7-2cef-422b-b145-40c1828583c9", "mod_time": 1572570985.216, "event_identifier_hash": "b77270d7-2cef-422b-b145-40c1828583c9", "status": "1", "object_type": "notable_event_group", "owner": "unassigned"}, {"severity": "2", "_user": "nobody", "_key": "b7d6af25-4e15-4c4f-896d-38f87562e39e", "mod_time": 1572592598.733, "event_identifier_hash": "b7d6af25-4e15-4c4f-896d-38f87562e39e", "status": "1", "object_type": "notable_event_group", "owner": "unassigned"}, {"severity": "2", "_key": "b95c5a58-8986-4daa-beec-260bf4df7dd5", "owner": "unassigned", "event_identifier_hash": "b95c5a58-8986-4daa-beec-260bf4df7dd5", "object_type": "notable_event_group", "_user": "nobody", "status": "1"}, {"severity": "4", "_user": "nobody", "_key": "ba9bdf19-05c7-48cf-baa4-4bae0823353f", "mod_time": 1572549394.68, "event_identifier_hash": "ba9bdf19-05c7-48cf-baa4-4bae0823353f", "status": "1", "object_type": "notable_event_group", "owner": "unassigned"}, {"severity": "2", "_user": "nobody", "_key": "bbf74cd2-1452-4a09-b6eb-407576557764", "mod_time": 1572585394.127, "event_identifier_hash": "bbf74cd2-1452-4a09-b6eb-407576557764", "status": "1", "object_type": "notable_event_group", "owner": "unassigned"}, {"severity": "2", "_user": "nobody", "_key": "bca86541-c39f-4e01-8802-facbf5f17634", "mod_time": 1572632190.382, "event_identifier_hash": "bca86541-c39f-4e01-8802-facbf5f17634", "status": "1", "object_type": "notable_event_group", "owner": "unassigned"}, {"severity": "2", "_user": "nobody", "_key": "bdd5cf2a-93d9-405a-962d-4306e3a834f9", "mod_time": 1572545777.484, "event_identifier_hash": "bdd5cf2a-93d9-405a-962d-4306e3a834f9", "status": "1", "object_type": "notable_event_group", "owner": "unassigned"}, {"severity": "2", "_user": "nobody", "_key": "bde29c1f-75e3-40c0-aafa-a6f3e656c0a3", "mod_time": 1572563779.957, "event_identifier_hash": "bde29c1f-75e3-40c0-aafa-a6f3e656c0a3", "status": "1", "object_type": "notable_event_group", "owner": "unassigned"}, {"severity": "4", "_user": "nobody", "_key": "beb60e69-f5ca-49b2-bce6-ea01e36d4ec1", "mod_time": 1572614188.972, "event_identifier_hash": "beb60e69-f5ca-49b2-bce6-ea01e36d4ec1", "status": "1", "object_type": "notable_event_group", "owner": "unassigned"}, {"severity": "2", "_user": "nobody", "_key": "bf5ffd5e-c8d4-4a4a-acd3-3aec3b920f68", "mod_time": 1572599775.539, "event_identifier_hash": "bf5ffd5e-c8d4-4a4a-acd3-3aec3b920f68", "status": "1", "object_type": "notable_event_group", "owner": "unassigned"}, {"severity": "2", "_user": "nobody", "_key": "bff71611-c595-463f-a159-19dd00cd4c67", "mod_time": 1572556572.729, "event_identifier_hash": "bff71611-c595-463f-a159-19dd00cd4c67", "status": "1", "object_type": "notable_event_group", "owner": "unassigned"}, {"severity": "4", "_user": "nobody", "_key": "c062dc8d-4c43-4a1d-a247-ff9010c8eb47", "mod_time": 1572642984.276, "event_identifier_hash": "c062dc8d-4c43-4a1d-a247-ff9010c8eb47", "status": "1", "object_type": "notable_event_group", "owner": "unassigned"}, {"severity": "2", "_user": "nobody", "_key": "c179d75f-b946-459e-b5c8-30674a5539ff", "mod_time": 1572549394.672, "event_identifier_hash": "c179d75f-b946-459e-b5c8-30674a5539ff", "status": "1", "object_type": "notable_event_group", "owner": "unassigned"}, {"severity": "2", "_user": "nobody", "_key": "c1b2eeca-d8db-462f-8605-39ceda12caf5", "mod_time": 1572567396.722, "event_identifier_hash": "c1b2eeca-d8db-462f-8605-39ceda12caf5", "status": "1", "object_type": "notable_event_group", "owner": "unassigned"}, {"severity": "2", "_user": "nobody", "_key": "c2b6fd17-705d-447e-af40-1babd13cdc6d", "mod_time": 1572578189.677, "event_identifier_hash": "c2b6fd17-705d-447e-af40-1babd13cdc6d", "status": "1", "object_type": "notable_event_group", "owner": "unassigned"}, {"severity": "4", "_user": "nobody", "_key": "c30ecd00-cf51-437f-a625-b0a0cf4c3b33", "mod_time": 1572552983.723, "event_identifier_hash": "c30ecd00-cf51-437f-a625-b0a0cf4c3b33", "status": "1", "object_type": "notable_event_group", "owner": "unassigned"}, {"severity": "2", "_user": "nobody", "_key": "c3e8bb7f-a50c-46a5-b839-dd54b14a440e", "mod_time": 1572563779.963, "event_identifier_hash": "c3e8bb7f-a50c-46a5-b839-dd54b14a440e", "status": "1", "object_type": "notable_event_group", "owner": "unassigned"}, {"severity": "2", "_user": "nobody", "_key": "c471100e-a399-4e40-8908-0ab1e01a639d", "mod_time": 1572650188.522, "event_identifier_hash": "c471100e-a399-4e40-8908-0ab1e01a639d", "status": "1", "object_type": "notable_event_group", "owner": "unassigned"}, {"severity": "4", "_user": "nobody", "_key": "c569c7d3-04db-4e72-b298-bb5ce3f9dc6f", "mod_time": 1572657393.436, "event_identifier_hash": "c569c7d3-04db-4e72-b298-bb5ce3f9dc6f", "status": "1", "object_type": "notable_event_group", "owner": "unassigned"}, {"severity": "2", "_user": "nobody", "_key": "c5ab95af-8e6c-4013-96d2-3f1102f73bf7", "mod_time": 1572967864.176, "event_identifier_hash": "c5ab95af-8e6c-4013-96d2-3f1102f73bf7", "status": "1", "object_type": "notable_event_group", "owner": "unassigned"}, {"severity": "2", "_user": "nobody", "_key": "c7fba512-bcd7-4420-86e9-e42c92a49390", "mod_time": 1572657393.431, "event_identifier_hash": "c7fba512-bcd7-4420-86e9-e42c92a49390", "status": "1", "object_type": "notable_event_group", "owner": "unassigned"}, {"severity": "2", "_user": "nobody", "_key": "c828a133-5b31-4417-81e7-248cf5994d00", "mod_time": 1572971479.6, "event_identifier_hash": "c828a133-5b31-4417-81e7-248cf5994d00", "status": "1", "object_type": "notable_event_group", "owner": "unassigned"}, {"severity": "2", "_user": "nobody", "_key": "caea66f5-69b8-4ad4-ba7d-c6ff7ca2c0d2", "mod_time": 1572596186.889, "event_identifier_hash": "caea66f5-69b8-4ad4-ba7d-c6ff7ca2c0d2", "status": "1", "object_type": "notable_event_group", "owner": "unassigned"}, {"severity": "4", "_user": "nobody", "_key": "caf68775-d48e-48e7-a38d-735f39a03d2d", "mod_time": 1572596186.874, "event_identifier_hash": "caf68775-d48e-48e7-a38d-735f39a03d2d", "status": "1", "object_type": "notable_event_group", "owner": "unassigned"}, {"severity": "2", "_user": "nobody", "_key": "cb19c7c8-4e7a-4f73-a25a-723fb1b52d1c", "mod_time": 1572639395.803, "event_identifier_hash": "cb19c7c8-4e7a-4f73-a25a-723fb1b52d1c", "status": "1", "object_type": "notable_event_group", "owner": "unassigned"}, {"severity": "2", "_user": "nobody", "_key": "cb22dc80-4739-4f64-9792-c29af7cc862f", "mod_time": 1572588982.531, "event_identifier_hash": "cb22dc80-4739-4f64-9792-c29af7cc862f", "status": "1", "object_type": "notable_event_group", "owner": "unassigned"}, {"severity": "4", "_user": "nobody", "_key": "cb872519-a03f-401d-82b0-e82dc8bf8b2f", "mod_time": 1572653777.008, "event_identifier_hash": "cb872519-a03f-401d-82b0-e82dc8bf8b2f", "status": "1", "object_type": "notable_event_group", "owner": "unassigned"}, {"severity": "2", "_key": "cbd202cf-2b57-4b1c-a20a-953020e75a05", "owner": "unassigned", "event_identifier_hash": "cbd202cf-2b57-4b1c-a20a-953020e75a05", "object_type": "notable_event_group", "_user": "nobody", "status": "1"}, {"severity": "2", "_user": "nobody", "_key": "cc16b26a-d04d-4e4a-96b9-b3ca2a8aab4a", "mod_time": 1572538013.477, "event_identifier_hash": "cc16b26a-d04d-4e4a-96b9-b3ca2a8aab4a", "status": "1", "object_type": "notable_event_group", "owner": "unassigned"}, {"severity": "2", "_user": "nobody", "_key": "cc6465aa-cd2b-446d-aeb0-db1db8158bfd", "mod_time": 1572570985.221, "event_identifier_hash": "cc6465aa-cd2b-446d-aeb0-db1db8158bfd", "status": "1", "object_type": "notable_event_group", "owner": "unassigned"}, {"severity": "2", "_key": "ccd7a54b-4285-4df7-92a0-fe0dee6c1cb1", "owner": "unassigned", "event_identifier_hash": "ccd7a54b-4285-4df7-92a0-fe0dee6c1cb1", "object_type": "notable_event_group", "_user": "nobody", "status": "1"}, {"severity": "2", "_user": "nobody", "_key": "cdc1ad7a-e4f6-4042-bab4-1e0d2e743f50", "mod_time": 1572588982.521, "event_identifier_hash": "cdc1ad7a-e4f6-4042-bab4-1e0d2e743f50", "status": "1", "object_type": "notable_event_group", "owner": "unassigned"}, {"severity": "4", "_key": "cdc6bbb2-e239-4e30-becb-6ed3352e637b", "owner": "unassigned", "event_identifier_hash": "cdc6bbb2-e239-4e30-becb-6ed3352e637b", "object_type": "notable_event_group", "_user": "nobody", "status": "1"}, {"severity": "2", "_user": "nobody", "_key": "cde94381-f4f1-474e-afd1-bcb36eb5a5c8", "mod_time": 1572642984.271, "event_identifier_hash": "cde94381-f4f1-474e-afd1-bcb36eb5a5c8", "status": "1", "object_type": "notable_event_group", "owner": "unassigned"}, {"severity": "2", "_user": "nobody", "_key": "cef58973-36ca-40f6-827f-85025a74c061", "mod_time": 1572635778.799, "event_identifier_hash": "cef58973-36ca-40f6-827f-85025a74c061", "status": "1", "object_type": "notable_event_group", "owner": "unassigned"}, {"severity": "2", "_user": "nobody", "_key": "cfaec9b8-27c3-41f8-a3fe-dd06aaf04579", "mod_time": 1572628601.938, "event_identifier_hash": "cfaec9b8-27c3-41f8-a3fe-dd06aaf04579", "status": "1", "object_type": "notable_event_group", "owner": "unassigned"}, {"severity": "2", "_user": "nobody", "_key": "cfd248b7-f5fe-4584-be28-ffdaf3bcdc79", "mod_time": 1572556572.726, "event_identifier_hash": "cfd248b7-f5fe-4584-be28-ffdaf3bcdc79", "status": "1", "object_type": "notable_event_group", "owner": "unassigned"}, {"severity": "2", "_user": "nobody", "_key": "d00639c9-5969-4eb8-9d42-6408ebf015a7", "mod_time": 1572657393.441, "event_identifier_hash": "d00639c9-5969-4eb8-9d42-6408ebf015a7", "status": "1", "object_type": "notable_event_group", "owner": "unassigned"}, {"severity": "2", "_user": "nobody", "_key": "d06d58ed-ffab-4784-9378-509981ece808", "mod_time": 1572574573.618, "event_identifier_hash": "d06d58ed-ffab-4784-9378-509981ece808", "status": "1", "object_type": "notable_event_group", "owner": "unassigned"}, {"severity": "2", "_user": "nobody", "_key": "d1466506-19a6-45c4-ae48-5f0fc7d94398", "mod_time": 1572610599.43, "event_identifier_hash": "d1466506-19a6-45c4-ae48-5f0fc7d94398", "status": "1", "object_type": "notable_event_group", "owner": "unassigned"}, {"severity": "4", "_user": "nobody", "_key": "d1f6d6fb-a32f-43a5-a5a3-53c34767a386", "mod_time": 1572567396.73, "event_identifier_hash": "d1f6d6fb-a32f-43a5-a5a3-53c34767a386", "status": "1", "object_type": "notable_event_group", "owner": "unassigned"}, {"severity": "2", "_user": "nobody", "_key": "d20d27e7-833f-4cd9-9ac8-9478e45b6862", "mod_time": 1572563779.966, "event_identifier_hash": "d20d27e7-833f-4cd9-9ac8-9478e45b6862", "status": "1", "object_type": "notable_event_group", "owner": "unassigned"}, {"severity": "2", "_user": "nobody", "_key": "d2bce836-b707-431f-9944-bc192ceafc82", "mod_time": 1572624984.59, "event_identifier_hash": "d2bce836-b707-431f-9944-bc192ceafc82", "status": "1", "object_type": "notable_event_group", "owner": "unassigned"}, {"severity": "2", "_user": "nobody", "_key": "d37b5e8b-21dc-451f-9776-f3a6631bec82", "mod_time": 1572632190.385, "event_identifier_hash": "d37b5e8b-21dc-451f-9776-f3a6631bec82", "status": "1", "object_type": "notable_event_group", "owner": "unassigned"}, {"severity": "2", "_user": "nobody", "_key": "d414c01c-149a-4d97-bcd2-02891d18054e", "mod_time": 1572596186.899, "event_identifier_hash": "d414c01c-149a-4d97-bcd2-02891d18054e", "status": "1", "object_type": "notable_event_group", "owner": "unassigned"}, {"severity": "2", "_user": "nobody", "_key": "d4afbbf0-0b69-4605-b8e5-e283619ea46e", "mod_time": 1572628601.936, "event_identifier_hash": "d4afbbf0-0b69-4605-b8e5-e283619ea46e", "status": "1", "object_type": "notable_event_group", "owner": "unassigned"}, {"severity": "2", "_user": "nobody", "_key": "d5175fb4-09c7-4787-8049-d5ecf7bb3768", "mod_time": 1572653776.998, "event_identifier_hash": "d5175fb4-09c7-4787-8049-d5ecf7bb3768", "status": "1", "object_type": "notable_event_group", "owner": "unassigned"}, {"severity": "2", "_user": "nobody", "_key": "d739f7e0-25fd-4d43-a327-2ac5ff8a80cd", "mod_time": 1572683489.63, "event_identifier_hash": "d739f7e0-25fd-4d43-a327-2ac5ff8a80cd", "status": "1", "object_type": "notable_event_group", "owner": "unassigned"}, {"severity": "2", "_user": "nobody", "_key": "d76db9ed-96d4-4652-8a4c-6c7318857176", "mod_time": 1572635778.807, "event_identifier_hash": "d76db9ed-96d4-4652-8a4c-6c7318857176", "status": "1", "object_type": "notable_event_group", "owner": "unassigned"}, {"severity": "2", "_user": "nobody", "_key": "d802dc89-1fbf-4a23-9a69-2ac1aaaa0f11", "mod_time": 1572592598.725, "event_identifier_hash": "d802dc89-1fbf-4a23-9a69-2ac1aaaa0f11", "status": "1", "object_type": "notable_event_group", "owner": "unassigned"}, {"severity": "2", "_user": "nobody", "_key": "d8234c62-e9ab-49a4-8ecb-0d01397b52f0", "mod_time": 1572542187.944, "event_identifier_hash": "d8234c62-e9ab-49a4-8ecb-0d01397b52f0", "status": "1", "object_type": "notable_event_group", "owner": "unassigned"}, {"severity": "2", "_user": "nobody", "_key": "d9050b6b-372d-4927-8f90-7548eb58b4b9", "mod_time": 1572653777.01, "event_identifier_hash": "d9050b6b-372d-4927-8f90-7548eb58b4b9", "status": "1", "object_type": "notable_event_group", "owner": "unassigned"}, {"severity": "2", "_user": "nobody", "_key": "db1b2a9b-73a5-44db-a435-c63faa92a4c7", "mod_time": 1572599775.544, "event_identifier_hash": "db1b2a9b-73a5-44db-a435-c63faa92a4c7", "status": "1", "object_type": "notable_event_group", "owner": "unassigned"}, {"severity": "2", "_user": "nobody", "_key": "dbf1d6ed-a91e-44dd-9c12-9e4d8ff1a6b9", "mod_time": 1572632190.394, "event_identifier_hash": "dbf1d6ed-a91e-44dd-9c12-9e4d8ff1a6b9", "status": "1", "object_type": "notable_event_group", "owner": "unassigned"}, {"severity": "2", "_key": "dcacf050-ab9e-4d39-b838-ac8311cf74d8", "owner": "unassigned", "event_identifier_hash": "dcacf050-ab9e-4d39-b838-ac8311cf74d8", "object_type": "notable_event_group", "_user": "nobody", "status": "1"}, {"severity": "4", "_user": "nobody", "_key": "dd5a695e-202e-41fa-8f8c-90c7d333ade2", "mod_time": 1572578189.689, "event_identifier_hash": "dd5a695e-202e-41fa-8f8c-90c7d333ade2", "status": "1", "object_type": "notable_event_group", "owner": "unassigned"}, {"severity": "2", "_user": "nobody", "_key": "de7234c8-4249-42d6-b2bb-7711f76c9151", "mod_time": 1572545777.494, "event_identifier_hash": "de7234c8-4249-42d6-b2bb-7711f76c9151", "status": "1", "object_type": "notable_event_group", "owner": "unassigned"}, {"severity": "2", "_user": "nobody", "_key": "de8ffe03-f745-45c5-89be-6035b677d999", "mod_time": 1572650188.519, "event_identifier_hash": "de8ffe03-f745-45c5-89be-6035b677d999", "status": "1", "object_type": "notable_event_group", "owner": "unassigned"}, {"severity": "2", "_user": "nobody", "_key": "df024ace-9d29-405e-9b22-b7f9d2f9ffbb", "mod_time": 1572563779.979, "event_identifier_hash": "df024ace-9d29-405e-9b22-b7f9d2f9ffbb", "status": "1", "object_type": "notable_event_group", "owner": "unassigned"}, {"severity": "2", "_user": "nobody", "_key": "e0bb67d0-94de-42c4-960c-b7d63f10ffd1", "mod_time": 1572556572.717, "event_identifier_hash": "e0bb67d0-94de-42c4-960c-b7d63f10ffd1", "status": "1", "object_type": "notable_event_group", "owner": "unassigned"}, {"severity": "2", "_user": "nobody", "_key": "e245edbd-35d5-4ede-8ace-f32a437b4be2", "mod_time": 1572552983.739, "event_identifier_hash": "e245edbd-35d5-4ede-8ace-f32a437b4be2", "status": "1", "object_type": "notable_event_group", "owner": "unassigned"}, {"severity": "2", "_user": "nobody", "_key": "e29053ba-77cf-4ee6-ac1b-ad794b08e6ce", "mod_time": 1572570985.225, "event_identifier_hash": "e29053ba-77cf-4ee6-ac1b-ad794b08e6ce", "status": "1", "object_type": "notable_event_group", "owner": "unassigned"}, {"severity": "2", "_user": "nobody", "_key": "e39c736d-69c0-4791-b2a5-50df70ddfd08", "mod_time": 1572624984.582, "event_identifier_hash": "e39c736d-69c0-4791-b2a5-50df70ddfd08", "status": "1", "object_type": "notable_event_group", "owner": "unassigned"}, {"severity": "2", "_user": "nobody", "_key": "e3a28147-7125-4c56-b651-1148b5225362", "mod_time": 1572592598.712, "event_identifier_hash": "e3a28147-7125-4c56-b651-1148b5225362", "status": "1", "object_type": "notable_event_group", "owner": "unassigned"}, {"severity": "4", "_user": "nobody", "_key": "e52fef3e-d6d2-47f1-bab7-41233094eef2", "mod_time": 1572694283.278, "event_identifier_hash": "e52fef3e-d6d2-47f1-bab7-41233094eef2", "status": "1", "object_type": "notable_event_group", "owner": "unassigned"}, {"severity": "2", "_key": "e5cab13f-1b69-4375-acdb-017c789b4e19", "owner": "unassigned", "event_identifier_hash": "e5cab13f-1b69-4375-acdb-017c789b4e19", "object_type": "notable_event_group", "_user": "nobody", "status": "1"}, {"severity": "2", "_key": "e6ed66b3-7ab5-4686-b169-1edf087dfe64", "owner": "unassigned", "event_identifier_hash": "e6ed66b3-7ab5-4686-b169-1edf087dfe64", "object_type": "notable_event_group", "_user": "nobody", "status": "1"}, {"severity": "2", "_key": "e709d861-9b4b-460a-a32c-2c7557ca1a94", "owner": "unassigned", "event_identifier_hash": "e709d861-9b4b-460a-a32c-2c7557ca1a94", "object_type": "notable_event_group", "_user": "nobody", "status": "1"}, {"severity": "2", "_key": "e80e4887-2816-4698-bb7f-58690679490d", "owner": "unassigned", "event_identifier_hash": "e80e4887-2816-4698-bb7f-58690679490d", "object_type": "notable_event_group", "_user": "nobody", "status": "1"}, {"severity": "2", "_user": "nobody", "_key": "e8cf9cf8-3a4d-47a2-9c9b-a3878675e9a1", "mod_time": 1572621395.144, "event_identifier_hash": "e8cf9cf8-3a4d-47a2-9c9b-a3878675e9a1", "status": "1", "object_type": "notable_event_group", "owner": "unassigned"}, {"severity": "2", "_user": "nobody", "_key": "e96758c2-3d32-4217-a196-1767ae841b41", "mod_time": 1572614188.968, "event_identifier_hash": "e96758c2-3d32-4217-a196-1767ae841b41", "status": "1", "object_type": "notable_event_group", "owner": "unassigned"}, {"severity": "2", "_user": "nobody", "_key": "e99323dc-a451-4825-8f5f-21ccdda78c9d", "mod_time": 1572585394.13, "event_identifier_hash": "e99323dc-a451-4825-8f5f-21ccdda78c9d", "status": "1", "object_type": "notable_event_group", "owner": "unassigned"}, {"severity": "2", "_user": "nobody", "_key": "ea7b9377-e1a6-4d56-81ca-3a43bf99cbd0", "mod_time": 1572585394.122, "event_identifier_hash": "ea7b9377-e1a6-4d56-81ca-3a43bf99cbd0", "status": "1", "object_type": "notable_event_group", "owner": "unassigned"}, {"severity": "2", "_key": "eae6c936-0c58-4f21-819d-986c55c38d7d", "owner": "unassigned", "event_identifier_hash": "eae6c936-0c58-4f21-819d-986c55c38d7d", "object_type": "notable_event_group", "_user": "nobody", "status": "1"}, {"severity": "2", "_user": "nobody", "_key": "eb034c08-0526-400f-b81f-916e1ae37a7a", "mod_time": 1572596186.892, "event_identifier_hash": "eb034c08-0526-400f-b81f-916e1ae37a7a", "status": "1", "object_type": "notable_event_group", "owner": "unassigned"}, {"severity": "2", "_user": "nobody", "_key": "ebd03113-a183-4516-b86b-8992d6c10d88", "mod_time": 1572650188.517, "event_identifier_hash": "ebd03113-a183-4516-b86b-8992d6c10d88", "status": "1", "object_type": "notable_event_group", "owner": "unassigned"}, {"severity": "2", "_user": "nobody", "_key": "ec9c6033-4ef5-408e-9abe-87a50e965384", "mod_time": 1572632190.405, "event_identifier_hash": "ec9c6033-4ef5-408e-9abe-87a50e965384", "status": "1", "object_type": "notable_event_group", "owner": "unassigned"}, {"severity": "2", "_key": "eedc4718-dba5-453b-afee-923766eff846", "owner": "unassigned", "event_identifier_hash": "eedc4718-dba5-453b-afee-923766eff846", "object_type": "notable_event_group", "_user": "nobody", "status": "1"}, {"severity": "2", "_key": "eff3a4cb-57b8-4780-99c4-6fbd002f74ca", "owner": "unassigned", "event_identifier_hash": "eff3a4cb-57b8-4780-99c4-6fbd002f74ca", "object_type": "notable_event_group", "_user": "nobody", "status": "1"}, {"severity": "2", "_user": "nobody", "_key": "f1ca21d1-fc4e-4484-90da-9c591e1b4158", "mod_time": 1572624984.587, "event_identifier_hash": "f1ca21d1-fc4e-4484-90da-9c591e1b4158", "status": "1", "object_type": "notable_event_group", "owner": "unassigned"}, {"severity": "2", "_user": "nobody", "_key": "f3b1e7a4-c6bb-4822-9089-354ba570545b", "mod_time": 1572624984.594, "event_identifier_hash": "f3b1e7a4-c6bb-4822-9089-354ba570545b", "status": "1", "object_type": "notable_event_group", "owner": "unassigned"}, {"severity": "2", "_user": "nobody", "_key": "f4142e8c-bb75-4f57-9140-3720e62b8b7b", "mod_time": 1572567396.743, "event_identifier_hash": "f4142e8c-bb75-4f57-9140-3720e62b8b7b", "status": "1", "object_type": "notable_event_group", "owner": "unassigned"}, {"severity": "2", "_user": "nobody", "_key": "f4cf2a9c-7d3b-48e4-a15f-e0341540cac2", "mod_time": 1572971479.606, "event_identifier_hash": "f4cf2a9c-7d3b-48e4-a15f-e0341540cac2", "status": "1", "object_type": "notable_event_group", "owner": "unassigned"}, {"severity": "2", "_user": "nobody", "_key": "f5527518-cf86-4899-a925-a644cdebab64", "mod_time": 1572545777.478, "event_identifier_hash": "f5527518-cf86-4899-a925-a644cdebab64", "status": "1", "object_type": "notable_event_group", "owner": "unassigned"}, {"severity": "2", "_user": "nobody", "_key": "f60a06fe-a251-4246-b754-d3ccc60945c0", "mod_time": 1572603392.752, "event_identifier_hash": "f60a06fe-a251-4246-b754-d3ccc60945c0", "status": "1", "object_type": "notable_event_group", "owner": "unassigned"}, {"severity": "2", "_user": "nobody", "_key": "f6584ab4-4777-493f-a7ba-9f900bec7b4a", "mod_time": 1572614188.98, "event_identifier_hash": "f6584ab4-4777-493f-a7ba-9f900bec7b4a", "status": "1", "object_type": "notable_event_group", "owner": "unassigned"}, {"severity": "2", "_user": "nobody", "_key": "f67afbb9-6789-49a3-9145-1090a3e10b91", "mod_time": 1572596186.887, "event_identifier_hash": "f67afbb9-6789-49a3-9145-1090a3e10b91", "status": "1", "object_type": "notable_event_group", "owner": "unassigned"}, {"severity": "2", "_user": "nobody", "_key": "f69acd4f-527e-46cf-9938-0d2f9a148793", "mod_time": 1572646572.303, "event_identifier_hash": "f69acd4f-527e-46cf-9938-0d2f9a148793", "status": "1", "object_type": "notable_event_group", "owner": "unassigned"}, {"severity": "2", "_user": "nobody", "_key": "f6d0cc0f-e55d-4b8f-a06a-2330241a0c03", "mod_time": 1572606982.092, "event_identifier_hash": "f6d0cc0f-e55d-4b8f-a06a-2330241a0c03", "status": "1", "object_type": "notable_event_group", "owner": "unassigned"}, {"severity": "2", "_user": "nobody", "_key": "f7474a40-76a6-48e4-a0cc-5cb7eaeec582", "mod_time": 1572560191.202, "event_identifier_hash": "f7474a40-76a6-48e4-a0cc-5cb7eaeec582", "status": "1", "object_type": "notable_event_group", "owner": "unassigned"}, {"severity": "2", "_user": "nobody", "_key": "f8be02c1-b925-427d-b969-f32a174e25d4", "mod_time": 1572610599.448, "event_identifier_hash": "f8be02c1-b925-427d-b969-f32a174e25d4", "status": "1", "object_type": "notable_event_group", "owner": "unassigned"}, {"severity": "2", "_user": "nobody", "_key": "f8c10e21-6866-4333-9e85-5d678b97b70a", "mod_time": 1572653776.992, "event_identifier_hash": "f8c10e21-6866-4333-9e85-5d678b97b70a", "status": "1", "object_type": "notable_event_group", "owner": "unassigned"}, {"severity": "2", "_key": "f9567261-4d95-496b-b0e5-ece7b430256e", "owner": "unassigned", "event_identifier_hash": "f9567261-4d95-496b-b0e5-ece7b430256e", "object_type": "notable_event_group", "_user": "nobody", "status": "1"}, {"severity": "2", "_user": "nobody", "_key": "f9707238-c4ef-4419-8058-52f43a51ba60", "mod_time": 1572653777.005, "event_identifier_hash": "f9707238-c4ef-4419-8058-52f43a51ba60", "status": "1", "object_type": "notable_event_group", "owner": "unassigned"}, {"severity": "2", "_key": "fa8a702c-ec63-4e6b-8751-93432b9b6324", "owner": "unassigned", "event_identifier_hash": "fa8a702c-ec63-4e6b-8751-93432b9b6324", "object_type": "notable_event_group", "_user": "nobody", "status": "1"}, {"severity": "2", "_user": "nobody", "_key": "faa55c50-b2e0-43ac-a95f-af753cfa06db", "mod_time": 1572542187.932, "event_identifier_hash": "faa55c50-b2e0-43ac-a95f-af753cfa06db", "status": "1", "object_type": "notable_event_group", "owner": "unassigned"}, {"severity": "2", "_user": "nobody", "_key": "fb492e3a-a19a-436a-9461-5ac3d8530685", "mod_time": 1572574573.628, "event_identifier_hash": "fb492e3a-a19a-436a-9461-5ac3d8530685", "status": "1", "object_type": "notable_event_group", "owner": "unassigned"}, {"severity": "2", "_user": "nobody", "_key": "fb68ef68-b74e-4d42-a8b3-228c0ceefadb", "mod_time": 1572690694.628, "event_identifier_hash": "fb68ef68-b74e-4d42-a8b3-228c0ceefadb", "status": "1", "object_type": "notable_event_group", "owner": "unassigned"}, {"severity": "2", "_user": "nobody", "_key": "fdafe003-4e74-4c6a-8865-f4cedbe5f613", "mod_time": 1572971479.612, "event_identifier_hash": "fdafe003-4e74-4c6a-8865-f4cedbe5f613", "status": "1", "object_type": "notable_event_group", "owner": "unassigned"}, {"severity": "2", "_user": "nobody", "_key": "fe25a8fa-0ca4-4c9f-8b84-601f891e06bf", "mod_time": 1572581777.904, "event_identifier_hash": "fe25a8fa-0ca4-4c9f-8b84-601f891e06bf", "status": "1", "object_type": "notable_event_group", "owner": "unassigned"}, {"severity": "2", "_user": "nobody", "_key": "fea4a721-4f04-443f-8e93-066201020acf", "mod_time": 1572592598.73, "event_identifier_hash": "fea4a721-4f04-443f-8e93-066201020acf", "status": "1", "object_type": "notable_event_group", "owner": "unassigned"}, {"severity": "2", "_user": "nobody", "_key": "fefb9061-be59-4022-9934-d1c08a62a471", "mod_time": 1572603392.757, "event_identifier_hash": "fefb9061-be59-4022-9934-d1c08a62a471", "status": "1", "object_type": "notable_event_group", "owner": "unassigned"}]